{ "results": [
	{
        "createdAt": "2014-07-01T21:00:27.123Z",
        "note_text": "INA é uma menina muito boazinha. estuda muito e gosta de tocar piano.",
        "objectId": "KBcVgubNRT",
        "school": {
            "__type": "Pointer",
            "className": "School",
            "objectId": "whQavhx7Sv"
        },
        "student": {
            "__type": "Pointer",
            "className": "Student",
            "objectId": "2wJ2zA3qpQ"
        },
        "teacher": {
            "__type": "Pointer",
            "className": "Teacher",
            "objectId": "OD2QMyVlXP"
        },
        "updatedAt": "2014-07-01T21:00:27.123Z",
        "writtenAt": 1404246071271
    },
	{
        "createdAt": "2014-08-20T19:16:29.259Z",
        "note_text": "aluno OK",
        "objectId": "RKLiGzOOtb",
        "school": {
            "__type": "Pointer",
            "className": "School",
            "objectId": "whQavhx7Sv"
        },
        "student": {
            "__type": "Pointer",
            "className": "Student",
            "objectId": "pVVk0pZ6xW"
        },
        "teacher": {
            "__type": "Pointer",
            "className": "Teacher",
            "objectId": "OD2QMyVlXP"
        },
        "updatedAt": "2014-08-20T19:16:29.259Z",
        "writtenAt": 1408543972546
    },
	{
        "createdAt": "2014-10-10T12:57:09.850Z",
        "note_text": "bom",
        "objectId": "w3aahyfwwO",
        "school": {
            "__type": "Pointer",
            "className": "School",
            "objectId": "whQavhx7Sv"
        },
        "student": {
            "__type": "Pointer",
            "className": "Student",
            "objectId": "cdMBYsBkic"
        },
        "teacher": {
            "__type": "Pointer",
            "className": "Teacher",
            "objectId": "OD2QMyVlXP"
        },
        "updatedAt": "2014-10-10T12:57:09.850Z",
        "writtenAt": 1408022744896
    },
	{
        "createdAt": "2014-10-10T12:57:09.862Z",
        "note_text": "indo",
        "objectId": "TraCDFQyZ7",
        "school": {
            "__type": "Pointer",
            "className": "School",
            "objectId": "whQavhx7Sv"
        },
        "student": {
            "__type": "Pointer",
            "className": "Student",
            "objectId": "cdMBYsBkic"
        },
        "teacher": {
            "__type": "Pointer",
            "className": "Teacher",
            "objectId": "OD2QMyVlXP"
        },
        "updatedAt": "2014-10-10T12:57:09.862Z",
        "writtenAt": 1408022781892
    },
	{
        "createdAt": "2014-10-10T12:57:09.871Z",
        "note_text": "estava com febre",
        "objectId": "X1QINKLHcN",
        "school": {
            "__type": "Pointer",
            "className": "School",
            "objectId": "whQavhx7Sv"
        },
        "student": {
            "__type": "Pointer",
            "className": "Student",
            "objectId": "pVVk0pZ6xW"
        },
        "teacher": {
            "__type": "Pointer",
            "className": "Teacher",
            "objectId": "OD2QMyVlXP"
        },
        "updatedAt": "2014-10-10T12:57:09.871Z",
        "writtenAt": 1408559880840
    },
	{
        "createdAt": "2014-11-10T18:10:01.110Z",
        "note_text": "anotaçao teste",
        "objectId": "nMzrLnLc2Z",
        "school": {
            "__type": "Pointer",
            "className": "School",
            "objectId": "whQavhx7Sv"
        },
        "student": {
            "__type": "Pointer",
            "className": "Student",
            "objectId": "b0lyZSM4Pd"
        },
        "teacher": {
            "__type": "Pointer",
            "className": "Teacher",
            "objectId": "OD2QMyVlXP"
        },
        "updatedAt": "2014-11-10T18:10:01.110Z",
        "writtenAt": 1415640745495
    },
	{
        "createdAt": "2014-12-09T22:58:25.499Z",
        "note_text": "tgvtggg",
        "objectId": "mCAfDgCj95",
        "school": {
            "__type": "Pointer",
            "className": "School",
            "objectId": "dOdxExCiGw"
        },
        "student": {
            "__type": "Pointer",
            "className": "Student",
            "objectId": "KOpLT233iy"
        },
        "teacher": {
            "__type": "Pointer",
            "className": "Teacher",
            "objectId": "wlC6zatCxK"
        },
        "updatedAt": "2014-12-09T22:58:25.499Z",
        "writtenAt": 1414763127733
    },
	{
        "createdAt": "2015-01-30T01:49:14.309Z",
        "note_text": "yighuihuj",
        "objectId": "DSalc6w3Xe",
        "school": {
            "__type": "Pointer",
            "className": "School",
            "objectId": "h4JRyYbBIO"
        },
        "student": {
            "__type": "Pointer",
            "className": "Student",
            "objectId": "jVJi7TcJcB"
        },
        "teacher": {
            "__type": "Pointer",
            "className": "Teacher",
            "objectId": "wnopgXpAew"
        },
        "updatedAt": "2015-01-30T01:49:14.309Z",
        "writtenAt": 635580864000000000
    },
	{
        "createdAt": "2015-01-30T01:49:14.349Z",
        "note_text": "yighuihuj",
        "objectId": "MkwxxsgUgO",
        "school": {
            "__type": "Pointer",
            "className": "School",
            "objectId": "h4JRyYbBIO"
        },
        "student": {
            "__type": "Pointer",
            "className": "Student",
            "objectId": "jVJi7TcJcB"
        },
        "teacher": {
            "__type": "Pointer",
            "className": "Teacher",
            "objectId": "wnopgXpAew"
        },
        "updatedAt": "2015-01-30T01:49:14.349Z",
        "writtenAt": 635580864000000000
    },
	{
        "createdAt": "2015-01-30T01:49:14.353Z",
        "note_text": "yighuihujhgh",
        "objectId": "1Pbda8KtgE",
        "school": {
            "__type": "Pointer",
            "className": "School",
            "objectId": "h4JRyYbBIO"
        },
        "student": {
            "__type": "Pointer",
            "className": "Student",
            "objectId": "jVJi7TcJcB"
        },
        "teacher": {
            "__type": "Pointer",
            "className": "Teacher",
            "objectId": "wnopgXpAew"
        },
        "updatedAt": "2015-01-30T01:49:14.353Z",
        "writtenAt": 635580864000000000
    },
	{
        "createdAt": "2015-01-30T01:49:14.356Z",
        "note_text": "yighuihujhgh",
        "objectId": "Vr0zgXPU2m",
        "school": {
            "__type": "Pointer",
            "className": "School",
            "objectId": "h4JRyYbBIO"
        },
        "student": {
            "__type": "Pointer",
            "className": "Student",
            "objectId": "jVJi7TcJcB"
        },
        "teacher": {
            "__type": "Pointer",
            "className": "Teacher",
            "objectId": "wnopgXpAew"
        },
        "updatedAt": "2015-01-30T01:49:14.356Z",
        "writtenAt": 635580864000000000
    },
	{
        "createdAt": "2015-01-30T01:49:14.359Z",
        "note_text": "yighuihujhgh",
        "objectId": "JoliuaFcap",
        "school": {
            "__type": "Pointer",
            "className": "School",
            "objectId": "h4JRyYbBIO"
        },
        "student": {
            "__type": "Pointer",
            "className": "Student",
            "objectId": "ZOoIFo9o3O"
        },
        "teacher": {
            "__type": "Pointer",
            "className": "Teacher",
            "objectId": "wnopgXpAew"
        },
        "updatedAt": "2015-01-30T01:49:14.359Z",
        "writtenAt": 635580864000000000
    },
	{
        "createdAt": "2015-01-30T01:49:14.362Z",
        "note_text": "yighuihujhgh",
        "objectId": "7W2I0NSCfs",
        "school": {
            "__type": "Pointer",
            "className": "School",
            "objectId": "h4JRyYbBIO"
        },
        "student": {
            "__type": "Pointer",
            "className": "Student",
            "objectId": "ZOoIFo9o3O"
        },
        "teacher": {
            "__type": "Pointer",
            "className": "Teacher",
            "objectId": "wnopgXpAew"
        },
        "updatedAt": "2015-01-30T01:49:14.362Z",
        "writtenAt": 635580864000000000
    },
	{
        "createdAt": "2015-01-30T01:49:14.366Z",
        "note_text": "yighuihujhgh",
        "objectId": "ikEASaeGN5",
        "school": {
            "__type": "Pointer",
            "className": "School",
            "objectId": "h4JRyYbBIO"
        },
        "student": {
            "__type": "Pointer",
            "className": "Student",
            "objectId": "ZOoIFo9o3O"
        },
        "teacher": {
            "__type": "Pointer",
            "className": "Teacher",
            "objectId": "wnopgXpAew"
        },
        "updatedAt": "2015-01-30T01:49:14.366Z",
        "writtenAt": 635580864000000000
    },
	{
        "createdAt": "2015-01-30T01:49:14.369Z",
        "note_text": "yighuihujhgh",
        "objectId": "6bu68p4X4D",
        "school": {
            "__type": "Pointer",
            "className": "School",
            "objectId": "h4JRyYbBIO"
        },
        "student": {
            "__type": "Pointer",
            "className": "Student",
            "objectId": "ZOoIFo9o3O"
        },
        "teacher": {
            "__type": "Pointer",
            "className": "Teacher",
            "objectId": "wnopgXpAew"
        },
        "updatedAt": "2015-01-30T01:49:14.369Z",
        "writtenAt": 635580864000000000
    },
	{
        "createdAt": "2015-01-30T01:49:14.372Z",
        "note_text": "yighuihujhgh",
        "objectId": "ym6ROapi5F",
        "school": {
            "__type": "Pointer",
            "className": "School",
            "objectId": "h4JRyYbBIO"
        },
        "student": {
            "__type": "Pointer",
            "className": "Student",
            "objectId": "ZOoIFo9o3O"
        },
        "teacher": {
            "__type": "Pointer",
            "className": "Teacher",
            "objectId": "wnopgXpAew"
        },
        "updatedAt": "2015-01-30T01:49:14.372Z",
        "writtenAt": 635580864000000000
    },
	{
        "createdAt": "2015-01-30T01:49:14.375Z",
        "note_text": "yighuihujhgh",
        "objectId": "Ygb2nCXHQ7",
        "school": {
            "__type": "Pointer",
            "className": "School",
            "objectId": "h4JRyYbBIO"
        },
        "student": {
            "__type": "Pointer",
            "className": "Student",
            "objectId": "ZOoIFo9o3O"
        },
        "teacher": {
            "__type": "Pointer",
            "className": "Teacher",
            "objectId": "wnopgXpAew"
        },
        "updatedAt": "2015-01-30T01:49:14.375Z",
        "writtenAt": 635580864000000000
    },
	{
        "createdAt": "2015-01-30T01:49:14.378Z",
        "note_text": "yighuihujhghvhb",
        "objectId": "yK6kTUDLun",
        "school": {
            "__type": "Pointer",
            "className": "School",
            "objectId": "h4JRyYbBIO"
        },
        "student": {
            "__type": "Pointer",
            "className": "Student",
            "objectId": "ZOoIFo9o3O"
        },
        "teacher": {
            "__type": "Pointer",
            "className": "Teacher",
            "objectId": "wnopgXpAew"
        },
        "updatedAt": "2015-01-30T01:49:14.378Z",
        "writtenAt": 635580864000000000
    },
	{
        "createdAt": "2015-02-03T20:31:50.712Z",
        "note_text": "uhuuu",
        "objectId": "B6fnUA5g32",
        "school": {
            "__type": "Pointer",
            "className": "School",
            "objectId": "pkpN63aeeO"
        },
        "student": {
            "__type": "Pointer",
            "className": "Student",
            "objectId": "LHCVFVLtpf"
        },
        "teacher": {
            "__type": "Pointer",
            "className": "Teacher",
            "objectId": "1S3YzXRwRy"
        },
        "updatedAt": "2015-02-03T20:31:50.712Z",
        "writtenAt": 635585184000000000
    },
	{
        "createdAt": "2015-02-03T20:31:50.864Z",
        "note_text": "uhaa",
        "objectId": "myykdlQIOH",
        "school": {
            "__type": "Pointer",
            "className": "School",
            "objectId": "pkpN63aeeO"
        },
        "student": {
            "__type": "Pointer",
            "className": "Student",
            "objectId": "LHCVFVLtpf"
        },
        "teacher": {
            "__type": "Pointer",
            "className": "Teacher",
            "objectId": "1S3YzXRwRy"
        },
        "updatedAt": "2015-02-03T20:31:50.864Z",
        "writtenAt": 635585184000000000
    },
	{
        "createdAt": "2015-03-04T00:40:25.498Z",
        "note_text": "burra",
        "objectId": "Owu0ukvUXM",
        "school": {
            "__type": "Pointer",
            "className": "School",
            "objectId": "oWk3VffGk1"
        },
        "student": {
            "__type": "Pointer",
            "className": "Student",
            "objectId": "kLz10yud5n"
        },
        "teacher": {
            "__type": "Pointer",
            "className": "Teacher",
            "objectId": "OrmLuMJDY1"
        },
        "updatedAt": "2015-03-04T00:40:25.498Z",
        "writtenAt": 635609376000000000
    },
	{
        "createdAt": "2015-03-04T04:14:52.288Z",
        "note_text": "gygy",
        "objectId": "PAKf0YCOau",
        "school": {
            "__type": "Pointer",
            "className": "School",
            "objectId": "h3cWHZV0DY"
        },
        "student": {
            "__type": "Pointer",
            "className": "Student",
            "objectId": "lXQEq888gA"
        },
        "teacher": {
            "__type": "Pointer",
            "className": "Teacher",
            "objectId": "eIKR5hMhpT"
        },
        "updatedAt": "2015-03-04T04:14:52.288Z",
        "writtenAt": 635610240000000000
    },
	{
        "createdAt": "2015-03-05T19:03:00.587Z",
        "note_text": "A aluna vem apresentando um bom avanço  com relação a\n hipótese de escrita.",
        "objectId": "hILOYbBw6l",
        "school": {
            "__type": "Pointer",
            "className": "School",
            "objectId": "Rr2tmKyFti"
        },
        "student": {
            "__type": "Pointer",
            "className": "Student",
            "objectId": "v70uaos553"
        },
        "teacher": {
            "__type": "Pointer",
            "className": "Teacher",
            "objectId": "VnhAKq3jdn"
        },
        "updatedAt": "2015-03-05T19:03:00.587Z",
        "writtenAt": 635611104000000000
    },
	{
        "createdAt": "2015-03-05T19:03:00.594Z",
        "note_text": "",
        "objectId": "m8DWVqWHdD",
        "school": {
            "__type": "Pointer",
            "className": "School",
            "objectId": "Rr2tmKyFti"
        },
        "student": {
            "__type": "Pointer",
            "className": "Student",
            "objectId": "v70uaos553"
        },
        "teacher": {
            "__type": "Pointer",
            "className": "Teacher",
            "objectId": "VnhAKq3jdn"
        },
        "updatedAt": "2015-03-05T19:03:00.594Z",
        "writtenAt": 635611104000000000
    }
] }