{ "results": [
	{
        "coordinator_code": "9037R",
        "createdAt": "2014-05-16T02:06:16.983Z",
        "name": "Vivendo e Aprendendo",
        "objectId": "berYS7HUm9",
        "public_id": "234298AD",
        "sync_code": "234298AD19037",
        "updatedAt": "2014-05-16T02:06:16.983Z"
    },
	{
        "coordinator_code": "8905V",
        "createdAt": "2014-05-18T05:18:55.238Z",
        "name": "EMEI Roberto Andere Correa",
        "objectId": "h0GPi5jmQ6",
        "public_id": "35289085",
        "sync_code": "3528908518905",
        "updatedAt": "2014-11-04T14:19:33.831Z"
    },
	{
        "coordinator_code": "0385B",
        "createdAt": "2014-05-18T05:19:17.872Z",
        "name": "EMEIF Professor Ruy Coelho",
        "objectId": "OOUZeaBl8x",
        "public_id": "35213822",
        "sync_code": "3521382210385",
        "updatedAt": "2014-11-04T14:19:44.957Z"
    },
	{
        "coordinator_code": "0694M",
        "createdAt": "2014-05-30T01:20:44.439Z",
        "name": "Zauber",
        "objectId": "QhivKxTeeI",
        "public_id": "1",
        "sync_code": "110694",
        "updatedAt": "2014-05-30T01:20:44.439Z"
    },
	{
        "coordinator_code": "5969M",
        "createdAt": "2014-06-16T17:29:12.117Z",
        "name": "IDEO_test",
        "objectId": "whQavhx7Sv",
        "public_id": "12345678",
        "sync_code": "1234567815969",
        "updatedAt": "2014-06-16T17:29:12.117Z"
    },
	{
        "coordinator_code": "2056A",
        "createdAt": "2014-09-22T23:03:23.446Z",
        "name": "E.E. Heidi Alves Lazzarini",
        "objectId": "dYQCQFSbMf",
        "public_id": "35923564",
        "sync_code": "3592356412056",
        "updatedAt": "2014-11-04T14:21:18.359Z"
    },
	{
        "coordinator_code": "8265H",
        "createdAt": "2014-09-22T23:06:45.942Z",
        "name": "E.E. Adolfino Arruda Castanho",
        "objectId": "S1dnEjufd5",
        "public_id": "35004200",
        "sync_code": "3500420018265",
        "updatedAt": "2014-11-04T14:22:18.716Z"
    },
	{
        "coordinator_code": "9292J",
        "createdAt": "2014-09-22T23:08:25.521Z",
        "name": "E.E. Clorinda Tritto Giangiacomo Professora",
        "objectId": "EoKFQNCL8q",
        "public_id": "35925408",
        "sync_code": "3592540819292",
        "updatedAt": "2014-11-04T14:21:55.413Z"
    },
	{
        "coordinator_code": "6475G",
        "createdAt": "2014-09-23T14:35:09.494Z",
        "name": "E.E. Ludovina Credidio Peixoto",
        "objectId": "4NdYseffx6",
        "public_id": "35003736",
        "sync_code": "3500373616475",
        "updatedAt": "2014-11-04T14:23:18.847Z"
    },
	{
        "coordinator_code": "3495F",
        "createdAt": "2014-09-23T15:40:20.583Z",
        "name": "EMEIF Maria da Glória Dias Horvath",
        "objectId": "h2D8ApXS3V",
        "public_id": "35272140",
        "sync_code": "3527214013495",
        "updatedAt": "2014-09-23T15:40:20.583Z"
    },
	{
        "coordinator_code": "2379W",
        "createdAt": "2014-09-23T15:41:35.183Z",
        "name": "EMEIF Sylvia da Silveira de Martini - Teste",
        "objectId": "LiKWavLyXg",
        "public_id": "35213834-Teste",
        "sync_code": "3521383412379",
        "updatedAt": "2014-11-13T17:46:47.300Z"
    },
	{
        "coordinator_code": "0594W",
        "createdAt": "2014-09-30T11:59:18.531Z",
        "name": "E.E. Professora Flora Stella",
        "objectId": "AqVVIxyq0h",
        "public_id": "35009647",
        "sync_code": "3500964710594",
        "updatedAt": "2014-11-04T14:18:45.855Z"
    },
	{
        "coordinator_code": "5361W",
        "createdAt": "2014-09-23T15:36:54.232Z",
        "name": "EMEIF Tom Jobim - Teste",
        "objectId": "qPAd0oNkZT",
        "public_id": "35213792-Teste",
        "sync_code": "3521379215361-teste",
        "updatedAt": "2014-11-04T12:48:55.825Z"
    },
	{
        "coordinator_code": "2239W",
        "createdAt": "2014-11-04T12:49:14.750Z",
        "name": "EMEIF Tom Jobim",
        "objectId": "7ujrV3mqTX",
        "public_id": "35213792",
        "sync_code": "3521379215361",
        "updatedAt": "2014-11-04T12:49:54.022Z"
    },
	{
        "coordinator_code": "3362G",
        "createdAt": "2014-10-29T11:37:57.103Z",
        "name": "Colégio Santa Cruz",
        "objectId": "dOdxExCiGw",
        "public_id": "9999999",
        "sync_code": "123456",
        "updatedAt": "2015-01-21T05:31:40.999Z"
    },
	{
        "coordinator_code": "2841E",
        "createdAt": "2014-11-13T17:47:08.401Z",
        "name": "EMEIF Sylvia da Silveira de Martini",
        "objectId": "ZJSEWRqXuN",
        "public_id": "35213834",
        "sync_code": "3521383412841",
        "updatedAt": "2014-11-13T17:47:08.401Z"
    },
	{
        "coordinator_code": "0745A",
        "createdAt": "2014-09-23T15:37:34.945Z",
        "name": "EMEI Elias Andere - Teste",
        "objectId": "cpoTpY0WVB",
        "public_id": "35213809-Teste",
        "sync_code": "3521380910745",
        "updatedAt": "2014-11-19T16:35:42.075Z"
    },
	{
        "coordinator_code": "5858W",
        "createdAt": "2014-11-19T16:36:17.157Z",
        "name": "EMEI Elias Andere",
        "objectId": "nzTeLuYSls",
        "public_id": "35213809",
        "sync_code": "3521380915858",
        "updatedAt": "2014-11-19T16:36:17.157Z"
    },
	{
        "coordinator_code": "escola",
        "createdAt": "2014-11-30T21:40:22.939Z",
        "name": "teste dani",
        "objectId": "jhX03wlqNy",
        "public_id": "106",
        "sync_code": "1061121",
        "updatedAt": "2014-11-30T21:40:22.939Z"
    },
	{
        "coordinator_code": "1234",
        "createdAt": "2014-12-11T17:48:08.028Z",
        "name": "teste",
        "objectId": "LVdYzMcvFN",
        "public_id": "957",
        "sync_code": "957336",
        "updatedAt": "2014-12-11T17:48:08.028Z"
    },
	{
        "coordinator_code": "qwertyU",
        "createdAt": "2015-01-16T18:01:52.225Z",
        "name": "farofastudios",
        "objectId": "BhPhO7qxfs",
        "public_id": "07447016",
        "sync_code": "07447016qwerty",
        "updatedAt": "2015-01-16T18:01:52.225Z"
    },
	{
        "coordinator_code": "12345Q",
        "createdAt": "2015-01-18T12:33:15.913Z",
        "name": "Maristela Alcantara TE",
        "objectId": "PG9pkPTyjc",
        "public_id": "96817028",
        "sync_code": "9681702812345",
        "updatedAt": "2015-01-18T12:33:15.913Z"
    },
	{
        "coordinator_code": "12345Y",
        "createdAt": "2015-01-18T15:21:05.090Z",
        "name": "Tecnologia Educacional",
        "objectId": "eUOIQ9G41M",
        "public_id": "26027837",
        "sync_code": "2602783712345",
        "updatedAt": "2015-01-18T15:21:05.090Z"
    },
	{
        "coordinator_code": "12H",
        "createdAt": "2015-01-18T15:51:21.150Z",
        "name": "Maristela school",
        "objectId": "zwK2ZVwA8x",
        "public_id": "05380166",
        "sync_code": "0538016612",
        "updatedAt": "2015-01-18T15:51:21.150Z"
    },
	{
        "coordinator_code": "123456G",
        "createdAt": "2015-01-19T11:51:21.340Z",
        "name": "eneuef",
        "objectId": "28kdmtQCwt",
        "public_id": "14731694",
        "sync_code": "14731694123456",
        "updatedAt": "2015-01-19T11:51:21.340Z"
    },
	{
        "coordinator_code": "111C",
        "createdAt": "2015-01-19T18:47:07.933Z",
        "name": "dldllld",
        "objectId": "OyD0gxc7Q7",
        "public_id": "09865011",
        "sync_code": "09865011111",
        "updatedAt": "2015-01-19T18:47:07.933Z"
    },
	{
        "coordinator_code": "1234X",
        "createdAt": "2015-01-19T22:13:59.088Z",
        "name": "teste",
        "objectId": "SZd8b9By6B",
        "public_id": "98769676",
        "sync_code": "987696761234",
        "updatedAt": "2015-01-19T22:13:59.088Z"
    },
	{
        "coordinator_code": "ccaarrZ",
        "createdAt": "2015-01-20T12:07:45.067Z",
        "name": "julia's school",
        "objectId": "6sP9D351sx",
        "public_id": "36017695",
        "sync_code": "36017695ccaarr",
        "updatedAt": "2015-01-20T12:07:45.067Z"
    },
	{
        "coordinator_code": "12345T",
        "createdAt": "2015-01-21T05:04:21.398Z",
        "name": "Escola a",
        "objectId": "Bwc2OKKS3B",
        "public_id": "48242014",
        "sync_code": "4824201412345",
        "updatedAt": "2015-01-21T05:04:21.398Z"
    },
	{
        "coordinator_code": "989898J",
        "createdAt": "2015-01-21T05:06:38.076Z",
        "name": "lolbrbhue",
        "objectId": "2EdNVEdjOm",
        "public_id": "51593834",
        "sync_code": "51593834989898",
        "updatedAt": "2015-01-21T05:06:38.076Z"
    },
	{
        "coordinator_code": "1234A",
        "createdAt": "2015-01-22T15:12:58.005Z",
        "name": "teste",
        "objectId": "A29uF5Uq1N",
        "public_id": "18451072",
        "sync_code": "184510721234",
        "updatedAt": "2015-01-22T15:12:58.005Z"
    },
	{
        "coordinator_code": "001Q",
        "createdAt": "2015-01-22T17:42:36.714Z",
        "name": "SME",
        "objectId": "k35KQM4a2F",
        "public_id": "36401453",
        "sync_code": "36401453001",
        "updatedAt": "2015-01-22T17:42:36.714Z"
    },
	{
        "coordinator_code": "qwertyY",
        "createdAt": "2015-01-26T14:05:01.486Z",
        "name": "farofa26",
        "objectId": "9vwbukO18x",
        "public_id": "81737983",
        "sync_code": "81737983qwerty",
        "updatedAt": "2015-01-26T14:05:01.486Z"
    },
	{
        "coordinator_code": "qwertyS",
        "createdAt": "2015-01-26T18:57:06.286Z",
        "name": "farofa 3",
        "objectId": "N0fpU0abt1",
        "public_id": "42935580",
        "sync_code": "42935580qwerty",
        "updatedAt": "2015-01-26T18:57:06.286Z"
    },
	{
        "coordinator_code": "qwertyM",
        "createdAt": "2015-01-26T19:09:50.903Z",
        "name": "farofa4",
        "objectId": "ZWCB8AKez6",
        "public_id": "69303613",
        "sync_code": "69303613qwerty",
        "updatedAt": "2015-01-26T19:09:50.903Z"
    },
	{
        "coordinator_code": "qwertyC",
        "createdAt": "2015-01-26T19:56:52.324Z",
        "name": "farofa5",
        "objectId": "hrQD8QCHdG",
        "public_id": "64374417",
        "sync_code": "64374417qwerty",
        "updatedAt": "2015-01-26T19:56:52.324Z"
    },
	{
        "coordinator_code": "1234V",
        "createdAt": "2015-01-26T19:57:31.225Z",
        "name": "Escolinha do Barulho",
        "objectId": "b7wzUHzNa2",
        "public_id": "61474019",
        "sync_code": "614740191234",
        "updatedAt": "2015-01-26T19:57:31.225Z"
    },
	{
        "coordinator_code": "123D",
        "createdAt": "2015-01-26T20:10:46.677Z",
        "name": "asdasdasdasdasds",
        "objectId": "JS22dJlIi8",
        "public_id": "21225717",
        "sync_code": "21225717123",
        "updatedAt": "2015-01-26T20:10:46.677Z"
    },
	{
        "coordinator_code": "123I",
        "createdAt": "2015-01-27T14:36:28.986Z",
        "name": "Novo Banco de Dados",
        "objectId": "thK9wFwV2Y",
        "public_id": "17561651",
        "sync_code": "17561651123",
        "updatedAt": "2015-01-27T14:36:28.986Z"
    },
	{
        "coordinator_code": "W",
        "createdAt": "2015-01-29T13:55:27.081Z",
        "name": "Escola 1",
        "objectId": "TC7IjpdSFe",
        "public_id": "69656533",
        "sync_code": "69656533",
        "updatedAt": "2015-01-29T13:55:27.081Z"
    },
	{
        "coordinator_code": "S",
        "createdAt": "2015-01-29T14:01:05.024Z",
        "name": "Escola 2",
        "objectId": "vuKwPfgIN1",
        "public_id": "78246688",
        "sync_code": "78246688",
        "updatedAt": "2015-01-29T14:01:05.024Z"
    },
	{
        "coordinator_code": "M",
        "createdAt": "2015-01-29T14:26:20.948Z",
        "name": "Escola 3",
        "objectId": "WAMewWeBQL",
        "public_id": "57625621",
        "sync_code": "57625621",
        "updatedAt": "2015-01-29T14:26:20.948Z"
    },
	{
        "createdAt": "2015-01-29T18:43:40.659Z",
        "name": "escola teste",
        "objectId": "zUbut8ELRO",
        "sync_code": "62948387",
        "updatedAt": "2015-01-29T18:43:40.659Z"
    },
	{
        "coordinator_code": "K",
        "createdAt": "2015-01-29T22:41:59.759Z",
        "name": "Escola Teste TESTE",
        "objectId": "GesnqunlZa",
        "public_id": "06440795",
        "sync_code": "06440795",
        "updatedAt": "2015-01-29T22:41:59.759Z"
    },
	{
        "coordinator_code": "Z",
        "createdAt": "2015-01-29T23:33:38.027Z",
        "name": "Escola Z",
        "objectId": "svKbq9RITm",
        "public_id": "49779826",
        "sync_code": "49779826",
        "updatedAt": "2015-01-29T23:33:38.027Z"
    },
	{
        "coordinator_code": "O",
        "createdAt": "2015-01-30T00:16:35.200Z",
        "name": "Escola W",
        "objectId": "MEicSHxRRG",
        "public_id": "11289800",
        "sync_code": "11289800",
        "updatedAt": "2015-01-30T00:16:35.200Z"
    },
	{
        "coordinator_code": "Q",
        "createdAt": "2015-01-30T00:26:35.971Z",
        "name": "Escola Z",
        "objectId": "OKCqxIB4IO",
        "public_id": "43605357",
        "sync_code": "43605357",
        "updatedAt": "2015-01-30T00:26:35.971Z"
    },
	{
        "coordinator_code": "A",
        "createdAt": "2015-01-30T00:34:44.620Z",
        "name": "Escola A",
        "objectId": "NXVitnFkGR",
        "public_id": "28838244",
        "sync_code": "28838244",
        "updatedAt": "2015-01-30T00:34:44.620Z"
    },
	{
        "coordinator_code": "V",
        "createdAt": "2015-01-30T00:39:41.466Z",
        "name": "Escola B",
        "objectId": "zOdjKXPau0",
        "public_id": "55898517",
        "sync_code": "55898517",
        "updatedAt": "2015-01-30T00:39:41.466Z"
    },
	{
        "coordinator_code": "T",
        "createdAt": "2015-01-30T00:57:07.604Z",
        "name": "teste novo",
        "objectId": "h4JRyYbBIO",
        "public_id": "0472700",
        "sync_code": "0472700",
        "updatedAt": "2015-01-30T00:57:07.604Z"
    },
	{
        "coordinator_code": "L",
        "createdAt": "2015-01-30T01:16:33.744Z",
        "name": "xcvnvbcwer",
        "objectId": "nxgPgFg5ci",
        "public_id": "84758555",
        "sync_code": "84758555",
        "updatedAt": "2015-01-30T01:16:33.744Z"
    },
	{
        "coordinator_code": "R",
        "createdAt": "2015-01-30T01:58:31.262Z",
        "name": "escola marota",
        "objectId": "w5QEUYZ2ay",
        "public_id": "49876135",
        "sync_code": "49876135",
        "updatedAt": "2015-01-30T01:58:31.262Z"
    },
	{
        "coordinator_code": "Y",
        "createdAt": "2015-01-30T04:24:06.789Z",
        "name": "chenay school",
        "objectId": "dk2CuV5qDy",
        "public_id": "53915113",
        "sync_code": "53915113",
        "updatedAt": "2015-01-30T04:24:06.789Z"
    },
	{
        "coordinator_code": "L",
        "createdAt": "2015-01-30T17:53:49.069Z",
        "name": "Escola Teste",
        "objectId": "1CfAl2S4ZX",
        "public_id": "53873926",
        "sync_code": "53873926",
        "updatedAt": "2015-01-30T17:53:49.069Z"
    },
	{
        "coordinator_code": "E",
        "createdAt": "2015-02-02T13:45:13.594Z",
        "name": "farofa0202",
        "objectId": "x1hhMhFzyX",
        "public_id": "05632925",
        "sync_code": "05632925",
        "updatedAt": "2015-02-02T13:45:13.594Z"
    },
	{
        "coordinator_code": "X",
        "createdAt": "2015-02-02T16:25:10.874Z",
        "name": "testerapido1",
        "objectId": "nALVCuI7kf",
        "public_id": "55777591",
        "sync_code": "55777591",
        "updatedAt": "2015-02-02T16:25:10.874Z"
    },
	{
        "coordinator_code": "A",
        "createdAt": "2015-02-02T16:27:15.939Z",
        "name": "testerapido1",
        "objectId": "NdF4ZBVpLu",
        "public_id": "75901472",
        "sync_code": "75901472",
        "updatedAt": "2015-02-02T16:27:15.939Z"
    },
	{
        "coordinator_code": "W",
        "createdAt": "2015-02-02T16:28:04.092Z",
        "name": "testerapido1",
        "objectId": "lkA7y5rs1D",
        "public_id": "40321689",
        "sync_code": "40321689",
        "updatedAt": "2015-02-02T16:28:04.092Z"
    },
	{
        "coordinator_code": "D",
        "createdAt": "2015-02-02T17:10:15.613Z",
        "name": "testedesincronizacao",
        "objectId": "8yd2YdiAh2",
        "public_id": "98126602",
        "sync_code": "98126602",
        "updatedAt": "2015-02-02T17:10:15.613Z"
    },
	{
        "coordinator_code": "C",
        "createdAt": "2015-02-02T17:30:13.215Z",
        "name": "testerapido1",
        "objectId": "8HUZ7C2Knk",
        "public_id": "05028785",
        "sync_code": "05028785",
        "updatedAt": "2015-02-02T17:30:13.215Z"
    },
	{
        "coordinator_code": "Y",
        "createdAt": "2015-02-02T18:21:57.778Z",
        "name": "teste",
        "objectId": "oehsNaJS44",
        "public_id": "75401604",
        "sync_code": "75401604",
        "updatedAt": "2015-02-02T18:21:57.778Z"
    },
	{
        "coordinator_code": "P",
        "createdAt": "2015-02-02T18:24:01.034Z",
        "name": "teste1",
        "objectId": "iawgStgKfo",
        "public_id": "99795365",
        "sync_code": "99795365",
        "updatedAt": "2015-02-02T18:24:01.034Z"
    },
	{
        "coordinator_code": "C",
        "createdAt": "2015-02-02T18:37:28.746Z",
        "name": "teste2",
        "objectId": "ESXDzySgAr",
        "public_id": "85591888",
        "sync_code": "85591888",
        "updatedAt": "2015-02-02T18:37:28.746Z"
    },
	{
        "coordinator_code": "V",
        "createdAt": "2015-02-02T18:56:07.201Z",
        "name": "teste1",
        "objectId": "bd2UAPMemo",
        "public_id": "60024529",
        "sync_code": "60024529",
        "updatedAt": "2015-02-02T18:56:07.201Z"
    },
	{
        "coordinator_code": "I",
        "createdAt": "2015-02-02T18:58:36.341Z",
        "name": "teste1",
        "objectId": "h1Rj09ohQW",
        "public_id": "54241365",
        "sync_code": "54241365",
        "updatedAt": "2015-02-02T18:58:36.341Z"
    },
	{
        "coordinator_code": "M",
        "createdAt": "2015-02-02T19:01:57.802Z",
        "name": "test",
        "objectId": "sZXEQrO8K3",
        "public_id": "99105048",
        "sync_code": "99105048",
        "updatedAt": "2015-02-02T19:01:57.802Z"
    },
	{
        "coordinator_code": "S",
        "createdAt": "2015-02-02T19:15:42.094Z",
        "name": "htfhtfhxg",
        "objectId": "PBiFrCbdlh",
        "public_id": "95257461",
        "sync_code": "95257461",
        "updatedAt": "2015-02-02T19:15:42.094Z"
    },
	{
        "coordinator_code": "I",
        "createdAt": "2015-02-02T19:17:55.683Z",
        "name": "teste",
        "objectId": "Q99kE3XmPu",
        "public_id": "89519476",
        "sync_code": "89519476",
        "updatedAt": "2015-02-02T19:17:55.683Z"
    },
	{
        "coordinator_code": "Y",
        "createdAt": "2015-02-02T19:31:31.311Z",
        "name": "teste",
        "objectId": "UwdQcvgy8p",
        "public_id": "62260264",
        "sync_code": "62260264",
        "updatedAt": "2015-02-02T19:31:31.311Z"
    },
	{
        "coordinator_code": "D",
        "createdAt": "2015-02-02T19:39:03.760Z",
        "name": "teste2",
        "objectId": "DM0DgrFKly",
        "public_id": "59865099",
        "sync_code": "59865099",
        "updatedAt": "2015-02-02T19:39:03.760Z"
    },
	{
        "coordinator_code": "O",
        "createdAt": "2015-02-02T20:22:20.935Z",
        "name": "testecomp",
        "objectId": "pkpN63aeeO",
        "public_id": "10575379",
        "sync_code": "10575379",
        "updatedAt": "2015-02-02T20:22:20.935Z"
    },
	{
        "coordinator_code": "C",
        "createdAt": "2015-02-03T16:26:45.927Z",
        "name": "testdeletar",
        "objectId": "CJnV1Xq8gb",
        "public_id": "75567901",
        "sync_code": "75567901",
        "updatedAt": "2015-02-03T16:26:45.927Z"
    },
	{
        "coordinator_code": "S",
        "createdAt": "2015-02-03T16:27:36.404Z",
        "name": "testedeletar",
        "objectId": "IPvFQSYpUT",
        "public_id": "04819012",
        "sync_code": "04819012",
        "updatedAt": "2015-02-03T16:27:36.404Z"
    },
	{
        "coordinator_code": "T",
        "createdAt": "2015-02-03T19:27:42.024Z",
        "name": "test",
        "objectId": "Es82nfyQ4a",
        "public_id": "66885644",
        "sync_code": "66885644",
        "updatedAt": "2015-02-03T19:27:42.024Z"
    },
	{
        "coordinator_code": "S",
        "createdAt": "2015-02-03T20:52:58.682Z",
        "name": "teste",
        "objectId": "0Zk4ZRF9XG",
        "public_id": "13531066",
        "sync_code": "13531066",
        "updatedAt": "2015-02-03T20:52:58.682Z"
    },
	{
        "coordinator_code": "X",
        "createdAt": "2015-02-09T17:03:27.430Z",
        "name": "Escola x",
        "objectId": "oWk3VffGk1",
        "public_id": "95411407",
        "sync_code": "95411407",
        "updatedAt": "2015-02-09T17:03:27.430Z"
    },
	{
        "coordinator_code": "Q",
        "createdAt": "2015-02-09T19:24:17.147Z",
        "name": "Escola",
        "objectId": "1oyP14Xxka",
        "public_id": "19516232",
        "sync_code": "19516232",
        "updatedAt": "2015-02-09T19:24:17.147Z"
    },
	{
        "coordinator_code": "J",
        "createdAt": "2015-02-13T20:53:00.807Z",
        "name": "terra",
        "objectId": "XfMPXmpZ9w",
        "public_id": "57420951",
        "sync_code": "57420951",
        "updatedAt": "2015-02-13T20:53:00.807Z"
    },
	{
        "coordinator_code": "M",
        "createdAt": "2015-02-18T16:21:43.950Z",
        "name": "asdasd",
        "objectId": "hoCGSFe0lA",
        "public_id": "69104963",
        "sync_code": "69104963",
        "updatedAt": "2015-02-18T16:21:43.950Z"
    },
	{
        "coordinator_code": "T",
        "createdAt": "2015-02-18T16:41:08.416Z",
        "name": "Tupã School Love Forever Eternal Forever",
        "objectId": "seYphaaAvx",
        "public_id": "75596392",
        "sync_code": "75596392",
        "updatedAt": "2015-02-18T16:41:08.416Z"
    },
	{
        "coordinator_code": "W",
        "createdAt": "2015-02-19T21:50:51.062Z",
        "name": "teste dia 19",
        "objectId": "LYTTKGWj5Q",
        "public_id": "22883239",
        "sync_code": "22883239",
        "updatedAt": "2015-02-19T21:50:51.062Z"
    },
	{
        "coordinator_code": "C",
        "createdAt": "2015-02-20T13:21:22.500Z",
        "name": "escola 19/02",
        "objectId": "KGNT0p1cw8",
        "public_id": "57383364",
        "sync_code": "57383364",
        "updatedAt": "2015-02-20T13:21:22.500Z"
    },
	{
        "coordinator_code": "Q",
        "createdAt": "2015-02-20T15:23:57.831Z",
        "name": "testeee",
        "objectId": "p7bniC7XSx",
        "public_id": "31633678",
        "sync_code": "31633678",
        "updatedAt": "2015-02-20T15:23:57.831Z"
    },
	{
        "coordinator_code": "U",
        "createdAt": "2015-02-20T15:28:19.988Z",
        "name": "jtjtjt",
        "objectId": "CatLOPpPBY",
        "public_id": "22577968",
        "sync_code": "22577968",
        "updatedAt": "2015-02-20T15:28:19.988Z"
    },
	{
        "coordinator_code": "A",
        "createdAt": "2015-02-20T22:22:55.356Z",
        "name": "Colégio Santa Cruz",
        "objectId": "I1G13v5bXh",
        "public_id": "64065406",
        "sync_code": "6540654056",
        "updatedAt": "2015-02-20T23:47:20.917Z"
    },
	{
        "coordinator_code": "R",
        "createdAt": "2015-02-20T23:46:56.468Z",
        "name": "Colégio Santa Cruz",
        "objectId": "W9FjgRXs2i",
        "public_id": "5406540",
        "sync_code": "6540560",
        "updatedAt": "2015-02-21T00:02:44.705Z"
    },
	{
        "coordinator_code": "U",
        "createdAt": "2015-02-21T00:02:05.337Z",
        "name": "Colégio Santa Cruz",
        "objectId": "oEF6IqAUSb",
        "public_id": "6546540",
        "sync_code": "123456789",
        "updatedAt": "2015-02-21T00:02:52.875Z"
    },
	{
        "coordinator_code": "G",
        "createdAt": "2015-02-21T11:02:46.240Z",
        "name": "joana darc",
        "objectId": "T8U7Wq2dhV",
        "public_id": "13880731",
        "sync_code": "13880731",
        "updatedAt": "2015-02-21T11:02:46.240Z"
    },
	{
        "coordinator_code": "G",
        "createdAt": "2015-02-22T14:02:34.351Z",
        "name": "Gabriela urban",
        "objectId": "PUFBViAUum",
        "public_id": "23932114",
        "sync_code": "23932114",
        "updatedAt": "2015-02-22T14:02:34.351Z"
    },
	{
        "coordinator_code": "A",
        "createdAt": "2015-02-23T13:57:49.163Z",
        "name": "MegaStore Cyborg",
        "objectId": "iNb7w8dYvN",
        "public_id": "36650553",
        "sync_code": "36650553",
        "updatedAt": "2015-02-23T13:57:49.163Z"
    },
	{
        "coordinator_code": "X",
        "createdAt": "2015-02-23T17:52:49.553Z",
        "name": "Joaquim Barbosa Andrade Lopes",
        "objectId": "2QeEa15r2G",
        "public_id": "06830013",
        "sync_code": "06830013",
        "updatedAt": "2015-02-23T17:52:49.553Z"
    },
	{
        "coordinator_code": "Q",
        "createdAt": "2015-02-23T18:03:55.566Z",
        "name": "De dota internacional do Brasil",
        "objectId": "rRrSx7Kive",
        "public_id": "50312715",
        "sync_code": "50312715",
        "updatedAt": "2015-02-23T18:03:55.566Z"
    },
	{
        "coordinator_code": "K",
        "createdAt": "2015-02-23T18:06:55.304Z",
        "name": "Pro League dota 2",
        "objectId": "HtPoxWWnZ5",
        "public_id": "53579622",
        "sync_code": "53579622",
        "updatedAt": "2015-02-23T18:06:55.304Z"
    },
	{
        "coordinator_code": "A",
        "createdAt": "2015-02-23T19:39:42.860Z",
        "name": "Escola 2302",
        "objectId": "5UoYwfkHIv",
        "public_id": "94897711",
        "sync_code": "94897711",
        "updatedAt": "2015-02-23T19:39:42.860Z"
    },
	{
        "coordinator_code": "Y",
        "createdAt": "2015-02-24T13:41:36.839Z",
        "name": "Colégio progresso",
        "objectId": "sU9s2kVyjI",
        "public_id": "04410410",
        "sync_code": "04410410",
        "updatedAt": "2015-02-24T13:41:36.839Z"
    },
	{
        "coordinator_code": "S",
        "createdAt": "2015-02-24T13:46:57.104Z",
        "name": "Woaow",
        "objectId": "HSzdPRWcuQ",
        "public_id": "52120774",
        "sync_code": "52120774",
        "updatedAt": "2015-02-24T13:46:57.104Z"
    },
	{
        "coordinator_code": "O",
        "createdAt": "2015-02-24T13:50:11.723Z",
        "name": "araqueto",
        "objectId": "8pgRwftCLD",
        "public_id": "59515553",
        "sync_code": "59515553",
        "updatedAt": "2015-02-24T13:50:11.723Z"
    },
	{
        "coordinator_code": "Z",
        "createdAt": "2015-02-24T14:10:37.502Z",
        "name": "zzxdxecfc",
        "objectId": "Jxq5HlBq8Q",
        "public_id": "98503983",
        "sync_code": "98503983",
        "updatedAt": "2015-02-24T14:10:37.502Z"
    },
	{
        "coordinator_code": "X",
        "createdAt": "2015-02-24T14:34:12.437Z",
        "name": "yrryryry",
        "objectId": "zlinX6zmEI",
        "public_id": "71274894",
        "sync_code": "71274894",
        "updatedAt": "2015-02-24T14:34:12.437Z"
    },
	{
        "coordinator_code": "G",
        "createdAt": "2015-02-24T15:09:01.461Z",
        "name": "Colégio Progresso",
        "objectId": "C27cjwi7dd",
        "public_id": "64353436",
        "sync_code": "64353436",
        "updatedAt": "2015-02-24T15:09:01.461Z"
    },
	{
        "coordinator_code": "X",
        "createdAt": "2015-02-24T15:53:39.449Z",
        "name": "Cyborg",
        "objectId": "x3cxEOE81j",
        "public_id": "17819000",
        "sync_code": "17819000",
        "updatedAt": "2015-02-24T15:53:39.449Z"
    },
	{
        "coordinator_code": "I",
        "createdAt": "2015-02-24T17:23:31.303Z",
        "name": "Colégio Progresso",
        "objectId": "MsaYxccNEU",
        "public_id": "10783447",
        "sync_code": "10783447",
        "updatedAt": "2015-02-24T17:23:31.303Z"
    },
	{
        "coordinator_code": "V",
        "createdAt": "2015-02-24T17:46:59.301Z",
        "name": "Escola X",
        "objectId": "0hQrRrb2aQ",
        "public_id": "30909994",
        "sync_code": "30909994",
        "updatedAt": "2015-02-24T17:46:59.301Z"
    },
	{
        "coordinator_code": "Z",
        "createdAt": "2015-02-24T20:15:26.031Z",
        "name": "deletar",
        "objectId": "WdFZs7pETb",
        "public_id": "74418419",
        "sync_code": "74418419",
        "updatedAt": "2015-02-24T20:15:26.031Z"
    },
	{
        "coordinator_code": "Q",
        "createdAt": "2015-02-24T20:15:36.598Z",
        "name": "delete",
        "objectId": "GsWgavW560",
        "public_id": "20399501",
        "sync_code": "20399501",
        "updatedAt": "2015-02-24T20:15:36.598Z"
    },
	{
        "coordinator_code": "T",
        "createdAt": "2015-02-24T20:15:52.355Z",
        "name": "testdel",
        "objectId": "zfqtep5nTJ",
        "public_id": "08652270",
        "sync_code": "08652270",
        "updatedAt": "2015-02-24T20:15:52.355Z"
    },
	{
        "coordinator_code": "Z",
        "createdAt": "2015-02-24T20:26:38.100Z",
        "name": "farofa",
        "objectId": "8Nfi89iBdb",
        "public_id": "25611129",
        "sync_code": "25611129",
        "updatedAt": "2015-02-24T20:26:38.100Z"
    },
	{
        "coordinator_code": "W",
        "createdAt": "2015-02-24T20:43:19.595Z",
        "name": "del",
        "objectId": "BJDjAi5DHs",
        "public_id": "52961856",
        "sync_code": "52961856",
        "updatedAt": "2015-02-24T20:43:19.595Z"
    },
	{
        "coordinator_code": "E",
        "createdAt": "2015-02-24T20:45:55.184Z",
        "name": "del",
        "objectId": "oClOmsSm89",
        "public_id": "16675104",
        "sync_code": "16675104",
        "updatedAt": "2015-02-24T20:45:55.184Z"
    },
	{
        "coordinator_code": "Z",
        "createdAt": "2015-02-25T13:49:26.201Z",
        "name": "lkasldkasd",
        "objectId": "45VxBTxsJP",
        "public_id": "23276630",
        "sync_code": "23276630",
        "updatedAt": "2015-02-25T13:49:26.201Z"
    },
	{
        "coordinator_code": "V",
        "createdAt": "2015-02-25T14:04:42.806Z",
        "name": "Me Delete",
        "objectId": "zYre0yoLKQ",
        "public_id": "82146084",
        "sync_code": "82146084",
        "updatedAt": "2015-02-25T14:04:42.806Z"
    },
	{
        "coordinator_code": "S",
        "createdAt": "2015-02-25T14:21:49.299Z",
        "name": "sdfgsdfgfd",
        "objectId": "7wAcBnCCaW",
        "public_id": "21400025",
        "sync_code": "21400025",
        "updatedAt": "2015-02-25T14:21:49.299Z"
    },
	{
        "coordinator_code": "T",
        "createdAt": "2015-02-25T14:22:05.537Z",
        "name": "asdasdas",
        "objectId": "47xkcuaex1",
        "public_id": "10202397",
        "sync_code": "10202397",
        "updatedAt": "2015-02-25T14:22:05.537Z"
    },
	{
        "coordinator_code": "L",
        "createdAt": "2015-02-25T17:52:05.370Z",
        "name": "alere",
        "objectId": "0Q5kyOoGc0",
        "public_id": "82193100",
        "sync_code": "82193100",
        "updatedAt": "2015-02-25T17:52:05.370Z"
    },
	{
        "coordinator_code": "V",
        "createdAt": "2015-02-25T20:27:41.749Z",
        "name": "tjtjtjjt",
        "objectId": "yiE4Smjr1p",
        "public_id": "14805044",
        "sync_code": "14805044",
        "updatedAt": "2015-02-25T20:27:41.749Z"
    },
	{
        "coordinator_code": "M",
        "createdAt": "2015-02-25T22:38:23.905Z",
        "name": "Colégio budista de São Paulo",
        "objectId": "oBCFimR2jN",
        "public_id": "47779840",
        "sync_code": "47779840",
        "updatedAt": "2015-02-25T22:38:23.905Z"
    },
	{
        "coordinator_code": "W",
        "createdAt": "2015-02-25T22:55:46.310Z",
        "name": "Escola de artes",
        "objectId": "y20Pggh9O5",
        "public_id": "20210137",
        "sync_code": "20210137",
        "updatedAt": "2015-02-25T22:55:46.310Z"
    },
	{
        "coordinator_code": "Y",
        "createdAt": "2015-02-25T22:56:56.760Z",
        "name": "asdasdas",
        "objectId": "fpiww1iXrh",
        "public_id": "23661950",
        "sync_code": "23661950",
        "updatedAt": "2015-02-25T22:56:56.760Z"
    },
	{
        "coordinator_code": "T",
        "createdAt": "2015-02-25T23:07:45.438Z",
        "name": "Escola para deletar",
        "objectId": "6SbxwMbRCK",
        "public_id": "41342407",
        "sync_code": "41342407",
        "updatedAt": "2015-02-25T23:07:45.438Z"
    },
	{
        "coordinator_code": "U",
        "createdAt": "2015-02-25T23:34:24.434Z",
        "name": "asdfasdf",
        "objectId": "C8pEMQF8ZB",
        "public_id": "37578243",
        "sync_code": "37578243",
        "updatedAt": "2015-02-25T23:34:24.434Z"
    },
	{
        "coordinator_code": "Q",
        "createdAt": "2015-02-25T23:38:30.718Z",
        "name": "asdasdasd",
        "objectId": "auUnzAgL5N",
        "public_id": "62502437",
        "sync_code": "62502437",
        "updatedAt": "2015-02-25T23:38:30.718Z"
    },
	{
        "coordinator_code": "H",
        "createdAt": "2015-02-25T23:41:54.496Z",
        "name": "Meeeeeeeeeh!",
        "objectId": "3BpAQPcBQR",
        "public_id": "21721592",
        "sync_code": "21721592",
        "updatedAt": "2015-02-25T23:41:54.496Z"
    },
	{
        "coordinator_code": "P",
        "createdAt": "2015-02-25T23:49:25.235Z",
        "name": "asdasdasd",
        "objectId": "tqUYffiIgZ",
        "public_id": "63925319",
        "sync_code": "63925319",
        "updatedAt": "2015-02-25T23:49:25.235Z"
    },
	{
        "coordinator_code": "O",
        "createdAt": "2015-02-25T23:50:54.455Z",
        "name": "asdasdasd",
        "objectId": "SaDZKXbZJE",
        "public_id": "67603045",
        "sync_code": "67603045",
        "updatedAt": "2015-02-25T23:50:54.455Z"
    },
	{
        "coordinator_code": "W",
        "createdAt": "2015-02-25T23:54:51.928Z",
        "name": "asdasdasd",
        "objectId": "mVApBqc5NT",
        "public_id": "28012433",
        "sync_code": "28012433",
        "updatedAt": "2015-02-25T23:54:51.928Z"
    },
	{
        "coordinator_code": "D",
        "createdAt": "2015-02-25T23:55:53.250Z",
        "name": "asdasdasd",
        "objectId": "pDjMG1Pw3V",
        "public_id": "31401899",
        "sync_code": "31401899",
        "updatedAt": "2015-02-25T23:55:53.250Z"
    },
	{
        "coordinator_code": "V",
        "createdAt": "2015-02-25T23:58:25.156Z",
        "name": "asdasdasd",
        "objectId": "rzSFFzXQ0n",
        "public_id": "41464108",
        "sync_code": "41464108",
        "updatedAt": "2015-02-25T23:58:25.156Z"
    },
	{
        "coordinator_code": "Z",
        "createdAt": "2015-02-26T00:15:08.240Z",
        "name": "asdasdas",
        "objectId": "1MF9QDE4Er",
        "public_id": "47827583",
        "sync_code": "47827583",
        "updatedAt": "2015-02-26T00:15:08.240Z"
    },
	{
        "coordinator_code": "S",
        "createdAt": "2015-02-26T00:22:49.203Z",
        "name": "asdasdasdas",
        "objectId": "OJRXQjEDgT",
        "public_id": "30013969",
        "sync_code": "30013969",
        "updatedAt": "2015-02-26T00:22:49.203Z"
    },
	{
        "coordinator_code": "E",
        "createdAt": "2015-02-26T00:26:53.118Z",
        "name": "asdasdasd",
        "objectId": "uJ1Yf2mATT",
        "public_id": "06067252",
        "sync_code": "06067252",
        "updatedAt": "2015-02-26T00:26:53.118Z"
    },
	{
        "coordinator_code": "B",
        "createdAt": "2015-02-26T00:28:12.557Z",
        "name": "asdasdasdasd",
        "objectId": "5hkGUCZIzk",
        "public_id": "37224200",
        "sync_code": "37224200",
        "updatedAt": "2015-02-26T00:28:12.557Z"
    },
	{
        "coordinator_code": "O",
        "createdAt": "2015-02-26T00:40:31.303Z",
        "name": "asdasdasdas",
        "objectId": "d8nRAY68SZ",
        "public_id": "02905297",
        "sync_code": "02905297",
        "updatedAt": "2015-02-26T00:40:31.303Z"
    },
	{
        "coordinator_code": "M",
        "createdAt": "2015-02-26T00:43:49.056Z",
        "name": "asdasdasd",
        "objectId": "0W4iwKma54",
        "public_id": "61392015",
        "sync_code": "61392015",
        "updatedAt": "2015-02-26T00:43:49.056Z"
    },
	{
        "coordinator_code": "H",
        "createdAt": "2015-02-26T01:24:36.640Z",
        "name": "asdasdasd",
        "objectId": "L72fhfC6xj",
        "public_id": "43596857",
        "sync_code": "43596857",
        "updatedAt": "2015-02-26T01:24:36.640Z"
    },
	{
        "coordinator_code": "T",
        "createdAt": "2015-02-26T14:01:28.161Z",
        "name": "escolaaa",
        "objectId": "WLPAxPlW29",
        "public_id": "69223624",
        "sync_code": "69223624",
        "updatedAt": "2015-02-26T14:01:28.161Z"
    },
	{
        "coordinator_code": "X",
        "createdAt": "2015-02-26T14:18:11.258Z",
        "name": "asdasdasd",
        "objectId": "LJZYZZzHUg",
        "public_id": "69082826",
        "sync_code": "69082826",
        "updatedAt": "2015-02-26T14:18:11.258Z"
    },
	{
        "coordinator_code": "S",
        "createdAt": "2015-02-26T15:26:17.000Z",
        "name": "ttt",
        "objectId": "9JqratQ2hx",
        "public_id": "64394241",
        "sync_code": "64394241",
        "updatedAt": "2015-02-26T15:26:17.000Z"
    },
	{
        "coordinator_code": "S",
        "createdAt": "2015-02-26T15:26:24.581Z",
        "name": "ttttttt",
        "objectId": "NmQbhFitW4",
        "public_id": "46434968",
        "sync_code": "46434968",
        "updatedAt": "2015-02-26T15:26:24.581Z"
    },
	{
        "coordinator_code": "E",
        "createdAt": "2015-02-26T16:12:45.544Z",
        "name": "ExcolaA",
        "objectId": "yXNnS66PLF",
        "public_id": "21381548",
        "sync_code": "21381548",
        "updatedAt": "2015-02-26T16:12:45.544Z"
    },
	{
        "coordinator_code": "E",
        "createdAt": "2015-02-26T18:17:01.411Z",
        "name": "Escola G",
        "objectId": "YedSpDC8oS",
        "public_id": "62631732",
        "sync_code": "62631732",
        "updatedAt": "2015-02-26T18:17:01.411Z"
    },
	{
        "coordinator_code": "M",
        "createdAt": "2015-02-26T21:34:19.683Z",
        "name": "escola k",
        "objectId": "dLT8aIlgav",
        "public_id": "88215148",
        "sync_code": "88215148",
        "updatedAt": "2015-02-26T21:34:19.683Z"
    },
	{
        "coordinator_code": "F",
        "createdAt": "2015-02-26T21:38:44.268Z",
        "name": "qwer",
        "objectId": "ATWKKRMXOU",
        "public_id": "89205741",
        "sync_code": "89205741",
        "updatedAt": "2015-02-26T21:38:44.268Z"
    },
	{
        "coordinator_code": "G",
        "createdAt": "2015-02-26T22:03:48.333Z",
        "name": "ijdfjhfgiufh",
        "objectId": "51SvI46nrq",
        "public_id": "13500930",
        "sync_code": "13500930",
        "updatedAt": "2015-02-26T22:03:48.333Z"
    },
	{
        "coordinator_code": "K",
        "createdAt": "2015-02-26T22:47:43.058Z",
        "name": "escola 2602",
        "objectId": "pyTvOdBmJ3",
        "public_id": "37345245",
        "sync_code": "37345245",
        "updatedAt": "2015-02-26T22:47:43.058Z"
    },
	{
        "coordinator_code": "Z",
        "createdAt": "2015-02-26T22:55:45.214Z",
        "name": "quinta noite",
        "objectId": "jkA6zeRGoF",
        "public_id": "40760070",
        "sync_code": "40760070",
        "updatedAt": "2015-02-26T22:55:45.214Z"
    },
	{
        "coordinator_code": "A",
        "createdAt": "2015-02-26T23:24:13.079Z",
        "name": "quinta na madruga",
        "objectId": "4LbDbSab2g",
        "public_id": "57489365",
        "sync_code": "57489365",
        "updatedAt": "2015-02-26T23:24:13.079Z"
    },
	{
        "coordinator_code": "F",
        "createdAt": "2015-02-26T23:24:37.429Z",
        "name": "teste 2602",
        "objectId": "tUH5TSEYmG",
        "public_id": "80487298",
        "sync_code": "80487298",
        "updatedAt": "2015-02-26T23:24:37.429Z"
    },
	{
        "coordinator_code": "Y",
        "createdAt": "2015-02-27T00:08:18.527Z",
        "name": "excola",
        "objectId": "dsGV4bUtmU",
        "public_id": "24378564",
        "sync_code": "24378564",
        "updatedAt": "2015-02-27T00:08:18.527Z"
    },
	{
        "coordinator_code": "C",
        "createdAt": "2015-02-27T02:16:49.326Z",
        "name": "quinta madrugueits",
        "objectId": "gUVsow0keN",
        "public_id": "94304382",
        "sync_code": "94304382",
        "updatedAt": "2015-02-27T02:16:49.326Z"
    },
	{
        "coordinator_code": "O",
        "createdAt": "2015-02-27T02:16:58.250Z",
        "name": "null",
        "objectId": "ur4nKvK1t4",
        "public_id": "91565394",
        "sync_code": "91565394",
        "updatedAt": "2015-02-27T02:16:58.250Z"
    },
	{
        "coordinator_code": "W",
        "createdAt": "2015-02-27T03:19:42.845Z",
        "name": "rtyui",
        "objectId": "hh9dcVIg0U",
        "public_id": "60883122",
        "sync_code": "60883122",
        "updatedAt": "2015-02-27T03:19:42.845Z"
    },
	{
        "coordinator_code": "J",
        "createdAt": "2015-02-27T03:20:37.314Z",
        "name": "jygthfuvt",
        "objectId": "dEWVf5TbMw",
        "public_id": "09285093",
        "sync_code": "09285093",
        "updatedAt": "2015-02-27T03:20:37.314Z"
    },
	{
        "coordinator_code": "L",
        "createdAt": "2015-02-27T03:21:22.168Z",
        "name": "ugygyuyug",
        "objectId": "FpMBpHlbZY",
        "public_id": "48837989",
        "sync_code": "48837989",
        "updatedAt": "2015-02-27T03:21:22.168Z"
    },
	{
        "coordinator_code": "C",
        "createdAt": "2015-02-27T03:21:52.851Z",
        "name": "bhuhbjbhjbhu",
        "objectId": "rHZYrLO4ad",
        "public_id": "36616495",
        "sync_code": "36616495",
        "updatedAt": "2015-02-27T03:21:52.851Z"
    },
	{
        "coordinator_code": "I",
        "createdAt": "2015-02-27T06:25:11.491Z",
        "name": "ffcxfgfsgdxgcgxgdvcx",
        "objectId": "YfQNqqYNry",
        "public_id": "68561989",
        "sync_code": "68561989",
        "updatedAt": "2015-02-27T06:25:11.491Z"
    },
	{
        "coordinator_code": "D",
        "createdAt": "2015-02-27T15:35:02.960Z",
        "name": "presidente castello branco",
        "objectId": "xpOAaAJEQp",
        "public_id": "09230638",
        "sync_code": "09230638",
        "updatedAt": "2015-02-27T15:35:02.960Z"
    },
	{
        "coordinator_code": "G",
        "createdAt": "2015-02-28T13:34:44.577Z",
        "name": "cyborg",
        "objectId": "1MmQV8KTXN",
        "public_id": "20815077",
        "sync_code": "20815077",
        "updatedAt": "2015-02-28T13:34:44.577Z"
    },
	{
        "coordinator_code": "H",
        "createdAt": "2015-03-01T14:08:34.416Z",
        "name": "EMEI Melvin Jones",
        "objectId": "vwWw3oX76f",
        "public_id": "16189660",
        "sync_code": "16189660",
        "updatedAt": "2015-03-01T14:08:34.416Z"
    },
	{
        "coordinator_code": "G",
        "createdAt": "2015-03-02T12:19:37.477Z",
        "name": "emei cassiano ricardo",
        "objectId": "gfMDhIP6qS",
        "public_id": "68439477",
        "sync_code": "68439477",
        "updatedAt": "2015-03-02T12:19:37.477Z"
    },
	{
        "coordinator_code": "R",
        "createdAt": "2015-03-02T12:19:51.003Z",
        "name": "CEFE",
        "objectId": "YAkKSDWCve",
        "public_id": "82844173",
        "sync_code": "82844173",
        "updatedAt": "2015-03-02T12:19:51.003Z"
    },
	{
        "coordinator_code": "K",
        "createdAt": "2015-03-02T12:19:51.112Z",
        "name": "Amor Verdadeiro",
        "objectId": "WqJYTUCj7J",
        "public_id": "91362643",
        "sync_code": "91362643",
        "updatedAt": "2015-03-02T12:19:51.112Z"
    },
	{
        "coordinator_code": "Q",
        "createdAt": "2015-03-02T12:20:05.237Z",
        "name": "emei prof fernando adasme",
        "objectId": "R7UELIB9XN",
        "public_id": "41704672",
        "sync_code": "41704672",
        "updatedAt": "2015-03-02T12:20:05.237Z"
    },
	{
        "coordinator_code": "K",
        "createdAt": "2015-03-02T12:20:05.391Z",
        "name": "emei arlindo",
        "objectId": "sF6cJYwxDp",
        "public_id": "0433337",
        "sync_code": "0433337",
        "updatedAt": "2015-03-02T12:20:05.391Z"
    },
	{
        "coordinator_code": "M",
        "createdAt": "2015-03-02T12:20:08.049Z",
        "name": "regiao 13",
        "objectId": "Np9vDXtefO",
        "public_id": "24629965",
        "sync_code": "24629965",
        "updatedAt": "2015-03-02T12:20:08.049Z"
    },
	{
        "coordinator_code": "Q",
        "createdAt": "2015-03-02T12:20:46.955Z",
        "name": "EMEI zenaide",
        "objectId": "HWzCyAgXgi",
        "public_id": "35882630",
        "sync_code": "35882630",
        "updatedAt": "2015-03-02T12:20:46.955Z"
    },
	{
        "coordinator_code": "U",
        "createdAt": "2015-03-02T12:20:48.040Z",
        "name": "Emei \tFlor do Campo",
        "objectId": "R5cxCMGzPl",
        "public_id": "55895072",
        "sync_code": "55895072",
        "updatedAt": "2015-03-02T12:20:48.040Z"
    },
	{
        "coordinator_code": "P",
        "createdAt": "2015-03-02T12:20:50.282Z",
        "name": "EMEI Prof. Silvia Nese",
        "objectId": "mpMvb0ZSeA",
        "public_id": "47592765",
        "sync_code": "47592765",
        "updatedAt": "2015-03-02T12:20:50.282Z"
    },
	{
        "coordinator_code": "X",
        "createdAt": "2015-03-02T12:20:54.269Z",
        "name": "sme",
        "objectId": "5axrqbmY9Y",
        "public_id": "75868070",
        "sync_code": "75868070",
        "updatedAt": "2015-03-02T12:20:54.269Z"
    },
	{
        "coordinator_code": "Q",
        "createdAt": "2015-03-02T12:21:15.495Z",
        "name": "emei olga franco custodio",
        "objectId": "RZwCOrOXe5",
        "public_id": "38866418",
        "sync_code": "38866418",
        "updatedAt": "2015-03-02T12:21:15.495Z"
    },
	{
        "coordinator_code": "V",
        "createdAt": "2015-03-02T12:21:42.599Z",
        "name": "cassiano ricardo",
        "objectId": "pBAwonUk9s",
        "public_id": "01570880",
        "sync_code": "01570880",
        "updatedAt": "2015-03-02T12:21:42.599Z"
    },
	{
        "coordinator_code": "R",
        "createdAt": "2015-03-02T12:21:44.038Z",
        "name": "Emei Sonho Meu",
        "objectId": "GhgjM2EpcU",
        "public_id": "49682515",
        "sync_code": "49682515",
        "updatedAt": "2015-03-02T12:21:44.038Z"
    },
	{
        "coordinator_code": "C",
        "createdAt": "2015-03-02T12:21:50.461Z",
        "name": "SME",
        "objectId": "wtlUkhwD6i",
        "public_id": "57802420",
        "sync_code": "57802420",
        "updatedAt": "2015-03-02T12:21:50.461Z"
    },
	{
        "coordinator_code": "Y",
        "createdAt": "2015-03-02T12:29:41.322Z",
        "name": "Teste cheny segunda",
        "objectId": "fy7H13JzzS",
        "public_id": "21767011",
        "sync_code": "21767011",
        "updatedAt": "2015-03-02T12:29:41.322Z"
    },
	{
        "coordinator_code": "V",
        "createdAt": "2015-03-02T12:30:03.851Z",
        "name": "ines",
        "objectId": "0j9u6U9WCD",
        "public_id": "07037795",
        "sync_code": "07037795",
        "updatedAt": "2015-03-02T12:30:03.851Z"
    },
	{
        "coordinator_code": "W",
        "createdAt": "2015-03-02T13:00:10.062Z",
        "name": "EMEI Cassiano Ricardo",
        "objectId": "hNEqYrmrCB",
        "public_id": "63335961",
        "sync_code": "63335961",
        "updatedAt": "2015-03-02T13:00:10.062Z"
    },
	{
        "coordinator_code": "F",
        "createdAt": "2015-03-02T13:09:54.044Z",
        "name": "emei cassiano ricardo",
        "objectId": "z2YOoj3ao6",
        "public_id": "28271844",
        "sync_code": "28271844",
        "updatedAt": "2015-03-02T13:09:54.044Z"
    },
	{
        "coordinator_code": "N",
        "createdAt": "2015-03-02T13:10:05.063Z",
        "name": "emei cassiano ricardo",
        "objectId": "Dh33xLAlt2",
        "public_id": "60806435",
        "sync_code": "60806435",
        "updatedAt": "2015-03-02T13:10:05.063Z"
    },
	{
        "coordinator_code": "N",
        "createdAt": "2015-03-02T13:14:06.124Z",
        "name": "emei melvin jones",
        "objectId": "9UuHIQB4RI",
        "public_id": "0253629",
        "sync_code": "0253629",
        "updatedAt": "2015-03-02T13:14:06.124Z"
    },
	{
        "coordinator_code": "E",
        "createdAt": "2015-03-02T13:16:17.942Z",
        "name": "sme",
        "objectId": "HPO8xxQQvM",
        "public_id": "38911014",
        "sync_code": "38911014",
        "updatedAt": "2015-03-02T13:16:17.942Z"
    },
	{
        "coordinator_code": "F",
        "createdAt": "2015-03-02T13:17:05.532Z",
        "name": "EMEI Prof. Silvia Maria Nogueira Nese",
        "objectId": "zlwcL7vW7b",
        "public_id": "87974834",
        "sync_code": "87974834",
        "updatedAt": "2015-03-02T13:17:05.532Z"
    },
	{
        "coordinator_code": "D",
        "createdAt": "2015-03-02T13:17:59.516Z",
        "name": "SME",
        "objectId": "czRf27kxva",
        "public_id": "04562890",
        "sync_code": "04562890",
        "updatedAt": "2015-03-02T13:17:59.516Z"
    },
	{
        "coordinator_code": "Y",
        "createdAt": "2015-03-02T13:18:18.922Z",
        "name": "SME",
        "objectId": "6bLUdRCKuk",
        "public_id": "24861350",
        "sync_code": "24861350",
        "updatedAt": "2015-03-02T13:18:18.922Z"
    },
	{
        "coordinator_code": "X",
        "createdAt": "2015-03-02T13:18:29.349Z",
        "name": "emei fernando adasme",
        "objectId": "iyAISMPEbh",
        "public_id": "10034085",
        "sync_code": "10034085",
        "updatedAt": "2015-03-02T13:18:29.349Z"
    },
	{
        "coordinator_code": "H",
        "createdAt": "2015-03-02T13:20:38.728Z",
        "name": "Emei Sonho Meu",
        "objectId": "4qFgfs5rft",
        "public_id": "06802535",
        "sync_code": "06802535",
        "updatedAt": "2015-03-02T13:20:38.728Z"
    },
	{
        "coordinator_code": "X",
        "createdAt": "2015-03-02T13:21:14.236Z",
        "name": "Região 13",
        "objectId": "BCgClp9BK1",
        "public_id": "07307852",
        "sync_code": "07307852",
        "updatedAt": "2015-03-02T13:21:14.236Z"
    },
	{
        "coordinator_code": "Q",
        "createdAt": "2015-03-02T13:22:20.449Z",
        "name": "EMEI TESTE",
        "objectId": "GbXzSDzEtD",
        "public_id": "83109045",
        "sync_code": "83109045",
        "updatedAt": "2015-03-02T13:22:20.449Z"
    },
	{
        "coordinator_code": "F",
        "createdAt": "2015-03-02T13:24:09.957Z",
        "name": "emei cassiano ricardo",
        "objectId": "9qBK8Bilyl",
        "public_id": "21124568",
        "sync_code": "21124568",
        "updatedAt": "2015-03-02T13:24:09.957Z"
    },
	{
        "coordinator_code": "B",
        "createdAt": "2015-03-02T13:24:15.079Z",
        "name": "EMEI TESTE FINAL",
        "objectId": "YUMWdE35bg",
        "public_id": "24652841",
        "sync_code": "24652841",
        "updatedAt": "2015-03-02T13:24:15.079Z"
    },
	{
        "coordinator_code": "D",
        "createdAt": "2015-03-02T13:24:39.563Z",
        "name": "emei olga franco",
        "objectId": "ONkc09IlHT",
        "public_id": "39193683",
        "sync_code": "39193683",
        "updatedAt": "2015-03-02T13:24:39.563Z"
    },
	{
        "coordinator_code": "E",
        "createdAt": "2015-03-02T13:24:57.638Z",
        "name": "EMEI Maça Vermelha",
        "objectId": "l46cUW11xx",
        "public_id": "72945314",
        "sync_code": "72945314",
        "updatedAt": "2015-03-02T13:24:57.638Z"
    },
	{
        "coordinator_code": "H",
        "createdAt": "2015-03-02T13:34:08.645Z",
        "name": "ebm 1234",
        "objectId": "5fR1yac4nB",
        "public_id": "97503733",
        "sync_code": "97503733",
        "updatedAt": "2015-03-02T13:34:08.645Z"
    },
	{
        "coordinator_code": "Q",
        "createdAt": "2015-03-02T13:34:13.083Z",
        "name": "abcd",
        "objectId": "jUga0WuWF2",
        "public_id": "93277537",
        "sync_code": "93277537",
        "updatedAt": "2015-03-02T13:34:13.083Z"
    },
	{
        "coordinator_code": "F",
        "createdAt": "2015-03-02T14:03:12.043Z",
        "name": "alalalalal",
        "objectId": "fmd4LfaMFn",
        "public_id": "34125950",
        "sync_code": "34125950",
        "updatedAt": "2015-03-02T14:03:12.043Z"
    },
	{
        "coordinator_code": "J",
        "createdAt": "2015-03-02T14:05:42.771Z",
        "name": "EMEI Flor do Campo",
        "objectId": "K1w4nyOszI",
        "public_id": "91291081",
        "sync_code": "91291081",
        "updatedAt": "2015-03-02T14:05:42.771Z"
    },
	{
        "coordinator_code": "J",
        "createdAt": "2015-03-02T21:58:19.140Z",
        "name": "ee  bredero    faria    mala",
        "objectId": "AQlXB3zuLg",
        "public_id": "32516852",
        "sync_code": "32516852",
        "updatedAt": "2015-03-02T21:58:19.140Z"
    },
	{
        "coordinator_code": "Z",
        "createdAt": "2015-03-03T13:34:23.471Z",
        "name": "12 de outubro",
        "objectId": "oW3t9dt2Vk",
        "public_id": "43954342",
        "sync_code": "43954342",
        "updatedAt": "2015-03-03T13:34:23.471Z"
    },
	{
        "coordinator_code": "Z",
        "createdAt": "2015-03-03T19:46:50.520Z",
        "name": "Escola Fundacao Lemann",
        "objectId": "Rr2tmKyFti",
        "public_id": "37088921",
        "sync_code": "37088921",
        "updatedAt": "2015-03-03T19:46:50.520Z"
    },
	{
        "coordinator_code": "M",
        "createdAt": "2015-03-03T22:40:26.847Z",
        "name": "delete",
        "objectId": "941NWh0afk",
        "public_id": "52610212",
        "sync_code": "52610212",
        "updatedAt": "2015-03-03T22:40:26.847Z"
    },
	{
        "coordinator_code": "W",
        "createdAt": "2015-03-03T22:42:59.885Z",
        "name": "vgghvhvg",
        "objectId": "F2aZQDWHQi",
        "public_id": "43516772",
        "sync_code": "43516772",
        "updatedAt": "2015-03-03T22:42:59.885Z"
    },
	{
        "coordinator_code": "G",
        "createdAt": "2015-03-03T22:50:38.202Z",
        "name": "vghvghvhhvhh",
        "objectId": "Lmo7a7IJ08",
        "public_id": "31752553",
        "sync_code": "31752553",
        "updatedAt": "2015-03-03T22:50:38.202Z"
    },
	{
        "coordinator_code": "C",
        "createdAt": "2015-03-03T23:16:59.253Z",
        "name": "terca noite",
        "objectId": "2MZmj4JVyu",
        "public_id": "32704463",
        "sync_code": "32704463",
        "updatedAt": "2015-03-03T23:16:59.253Z"
    },
	{
        "coordinator_code": "K",
        "createdAt": "2015-03-03T23:25:03.267Z",
        "name": "Sao Barizon",
        "objectId": "sjLenMQo3I",
        "public_id": "64162224",
        "sync_code": "64162224",
        "updatedAt": "2015-03-03T23:25:03.267Z"
    },
	{
        "coordinator_code": "F",
        "createdAt": "2015-03-04T00:57:38.969Z",
        "name": "Escola Escola",
        "objectId": "AEmzJZHLIk",
        "public_id": "13114191",
        "sync_code": "13114191",
        "updatedAt": "2015-03-04T00:57:38.969Z"
    },
	{
        "coordinator_code": "E",
        "createdAt": "2015-03-04T01:11:00.696Z",
        "name": "Escola Otavio",
        "objectId": "L10X3qRar0",
        "public_id": "03836846",
        "sync_code": "03836846",
        "updatedAt": "2015-03-04T01:11:00.696Z"
    },
	{
        "coordinator_code": "Y",
        "createdAt": "2015-03-04T02:11:53.243Z",
        "name": "terca noite 2",
        "objectId": "T7pbypdvAG",
        "public_id": "05838943",
        "sync_code": "05838943",
        "updatedAt": "2015-03-04T02:11:53.243Z"
    },
	{
        "coordinator_code": "U",
        "createdAt": "2015-03-04T04:08:08.534Z",
        "name": "huhuhu",
        "objectId": "h3cWHZV0DY",
        "public_id": "41578012",
        "sync_code": "41578012",
        "updatedAt": "2015-03-04T04:08:08.534Z"
    },
	{
        "coordinator_code": "Z",
        "createdAt": "2015-03-04T07:12:35.826Z",
        "name": "escola",
        "objectId": "6ccgy75PIy",
        "public_id": "19175258",
        "sync_code": "19175258",
        "updatedAt": "2015-03-04T07:12:35.826Z"
    },
	{
        "coordinator_code": "T",
        "createdAt": "2015-03-04T07:40:35.685Z",
        "name": "teste da madruga",
        "objectId": "cBpCbT4hq6",
        "public_id": "81995165",
        "sync_code": "81995165",
        "updatedAt": "2015-03-04T07:40:35.685Z"
    },
	{
        "coordinator_code": "A",
        "createdAt": "2015-03-05T03:33:47.357Z",
        "name": "emefedmea",
        "objectId": "lppe6y3q9s",
        "public_id": "76822543",
        "sync_code": "76822543",
        "updatedAt": "2015-03-05T03:33:47.357Z"
    },
	{
        "coordinator_code": "D",
        "createdAt": "2015-03-05T14:34:31.106Z",
        "name": "High school musical",
        "objectId": "uZlYgGx1tD",
        "public_id": "14146341",
        "sync_code": "14146341",
        "updatedAt": "2015-03-05T14:34:31.106Z"
    },
	{
        "coordinator_code": "Z",
        "createdAt": "2015-03-05T18:19:23.982Z",
        "name": "Keeplay",
        "objectId": "iECO0cXCsH",
        "public_id": "56530302",
        "sync_code": "56530302",
        "updatedAt": "2015-03-05T18:19:23.982Z"
    },
	{
        "coordinator_code": "R",
        "createdAt": "2015-03-05T18:20:19.287Z",
        "name": "Keeplay",
        "objectId": "kRqkKS4XMz",
        "public_id": "02215218",
        "sync_code": "02215218",
        "updatedAt": "2015-03-05T18:20:19.287Z"
    },
	{
        "coordinator_code": "P",
        "createdAt": "2015-03-06T13:53:25.458Z",
        "name": "jgtnbfntb",
        "objectId": "BRzp7Db6hw",
        "public_id": "36988034",
        "sync_code": "36988034",
        "updatedAt": "2015-03-06T13:53:25.458Z"
    },
	{
        "coordinator_code": "I",
        "createdAt": "2015-03-07T01:40:38.497Z",
        "name": "emef ",
        "objectId": "0Zw5zJn48U",
        "public_id": "01632511",
        "sync_code": "01632511",
        "updatedAt": "2015-03-07T01:40:38.497Z"
    },
	{
        "coordinator_code": "U",
        "createdAt": "2015-03-07T18:30:04.830Z",
        "name": "mayara",
        "objectId": "OZbVSibswJ",
        "public_id": "62920075",
        "sync_code": "62920075",
        "updatedAt": "2015-03-07T18:30:04.830Z"
    },
	{
        "coordinator_code": "A",
        "createdAt": "2015-03-10T18:04:56.893Z",
        "name": "llalala",
        "objectId": "d0XZT1lO4x",
        "public_id": "69648879",
        "sync_code": "69648879",
        "updatedAt": "2015-03-10T18:04:56.893Z"
    },
	{
        "coordinator_code": "H",
        "createdAt": "2015-03-10T18:08:32.261Z",
        "name": "lalala",
        "objectId": "gmAbqyhNHT",
        "public_id": "53049892",
        "sync_code": "53049892",
        "updatedAt": "2015-03-10T18:08:32.261Z"
    },
	{
        "coordinator_code": "H",
        "createdAt": "2015-03-10T18:50:10.792Z",
        "name": "asdasd",
        "objectId": "KCexGLkoiE",
        "public_id": "23408547",
        "sync_code": "23408547",
        "updatedAt": "2015-03-10T18:50:10.792Z"
    },
	{
        "coordinator_code": "C",
        "createdAt": "2015-03-10T19:59:21.275Z",
        "name": "Farofa Studios",
        "objectId": "vOR6z1ZXCb",
        "public_id": "97481203",
        "sync_code": "97481203",
        "updatedAt": "2015-03-10T19:59:21.275Z"
    },
	{
        "coordinator_code": "J",
        "createdAt": "2015-03-10T20:37:12.281Z",
        "name": "elis",
        "objectId": "DMsRk2U1o7",
        "public_id": "83769154",
        "sync_code": "83769154",
        "updatedAt": "2015-03-10T20:37:12.281Z"
    },
	{
        "coordinator_code": "T",
        "createdAt": "2015-03-10T21:07:46.368Z",
        "name": "deletar 10 do 03",
        "objectId": "W8EYqx8Cmz",
        "public_id": "89965474",
        "sync_code": "89965474",
        "updatedAt": "2015-03-10T21:07:46.368Z"
    },
	{
        "coordinator_code": "T",
        "createdAt": "2015-03-10T23:38:51.667Z",
        "name": "teste da madruga dia 10 deletar",
        "objectId": "Y1RoJkiSTF",
        "public_id": "79933059",
        "sync_code": "79933059",
        "updatedAt": "2015-03-10T23:38:51.667Z"
    },
	{
        "coordinator_code": "I",
        "createdAt": "2015-03-11T02:01:15.916Z",
        "name": "teste madrugada. deletar",
        "objectId": "bGaGVinVEo",
        "public_id": "52658492",
        "sync_code": "52658492",
        "updatedAt": "2015-03-11T02:01:15.916Z"
    },
	{
        "coordinator_code": "T",
        "createdAt": "2015-03-11T19:52:52.746Z",
        "name": "delete",
        "objectId": "9IOsT5Hm2c",
        "public_id": "27001836",
        "sync_code": "27001836",
        "updatedAt": "2015-03-11T19:52:52.746Z"
    },
	{
        "coordinator_code": "L",
        "createdAt": "2015-03-18T17:16:16.599Z",
        "name": "ana clara costa binotto ea  silva ligia",
        "objectId": "F8yg6QysZF",
        "public_id": "54513174",
        "sync_code": "54513174",
        "updatedAt": "2015-03-18T17:16:16.599Z"
    }
] }