{ "results": [
	{
        "createdAt": "2014-06-03T22:05:34.213Z",
        "name": "teste",
        "objectId": "EKNvNkFtMg",
        "period": "MORNING",
        "school": {
            "__type": "Pointer",
            "className": "School",
            "objectId": "h0GPi5jmQ6"
        },
        "series": "pré",
        "updatedAt": "2014-06-03T22:05:34.213Z"
    },
	{
        "createdAt": "2014-06-06T19:00:33.478Z",
        "name": "1o ano A - 1",
        "objectId": "NT7rTntBsx",
        "period": "AFTERNOON",
        "school": {
            "__type": "Pointer",
            "className": "School",
            "objectId": "OOUZeaBl8x"
        },
        "series": "1",
        "updatedAt": "2014-06-06T22:10:12.949Z"
    },
	{
        "createdAt": "2014-06-06T19:01:06.419Z",
        "name": "1o ano B -1",
        "objectId": "aS4MHYDSEq",
        "period": "AFTERNOON",
        "school": {
            "__type": "Pointer",
            "className": "School",
            "objectId": "OOUZeaBl8x"
        },
        "series": "1",
        "updatedAt": "2014-06-06T22:10:16.590Z"
    },
	{
        "createdAt": "2014-06-06T20:57:59.669Z",
        "name": "seleção canarinho",
        "objectId": "ercF4T5xlg",
        "period": "MORNING",
        "school": {
            "__type": "Pointer",
            "className": "School",
            "objectId": "OOUZeaBl8x"
        },
        "series": "1",
        "updatedAt": "2014-06-06T20:57:59.669Z"
    },
	{
        "createdAt": "2014-06-06T22:10:03.932Z",
        "name": "1o ano A - 2",
        "objectId": "6PIxLvOVTd",
        "period": "AFTERNOON",
        "school": {
            "__type": "Pointer",
            "className": "School",
            "objectId": "OOUZeaBl8x"
        },
        "series": "1",
        "updatedAt": "2014-06-06T22:11:18.112Z"
    },
	{
        "createdAt": "2014-06-06T22:11:27.273Z",
        "name": "1o ano B - 2",
        "objectId": "mz6MhYTPS8",
        "period": "AFTERNOON",
        "school": {
            "__type": "Pointer",
            "className": "School",
            "objectId": "OOUZeaBl8x"
        },
        "series": "1",
        "updatedAt": "2014-06-06T22:13:53.532Z"
    },
	{
        "createdAt": "2014-06-07T17:54:14.768Z",
        "name": "1o ano B - 3",
        "objectId": "pOvfzxX8s9",
        "period": "AFTERNOON",
        "school": {
            "__type": "Pointer",
            "className": "School",
            "objectId": "OOUZeaBl8x"
        },
        "series": "1",
        "updatedAt": "2014-06-07T17:54:45.049Z"
    },
	{
        "createdAt": "2014-06-07T18:06:11.924Z",
        "name": "1o ano A - 3",
        "objectId": "wOqjvSe4Wv",
        "period": "AFTERNOON",
        "school": {
            "__type": "Pointer",
            "className": "School",
            "objectId": "OOUZeaBl8x"
        },
        "series": "1",
        "updatedAt": "2014-06-07T18:06:22.375Z"
    },
	{
        "createdAt": "2014-06-18T23:28:33.038Z",
        "name": "Vivendo e Aprendendo",
        "objectId": "otb8ENzQkG",
        "period": "MORNING",
        "school": {
            "__type": "Pointer",
            "className": "School",
            "objectId": "whQavhx7Sv"
        },
        "series": "1",
        "updatedAt": "2014-08-13T22:43:24.146Z"
    },
	{
        "createdAt": "2014-09-10T20:56:33.023Z",
        "name": "teste",
        "objectId": "VSjIrsMP5g",
        "period": "MORNING",
        "school": {
            "__type": "Pointer",
            "className": "School",
            "objectId": "whQavhx7Sv"
        },
        "series": "6",
        "updatedAt": "2014-09-10T20:56:33.023Z"
    },
	{
        "createdAt": "2014-10-01T19:07:36.973Z",
        "name": "turma teste",
        "objectId": "7KBketXmOL",
        "period": "MORNING",
        "school": {
            "__type": "Pointer",
            "className": "School",
            "objectId": "QhivKxTeeI"
        },
        "series": "série teste",
        "updatedAt": "2014-10-01T19:07:36.973Z"
    },
	{
        "createdAt": "2014-10-06T19:06:30.395Z",
        "name": "turminha",
        "objectId": "6BSZhkTJ7S",
        "period": "MORNING",
        "school": {
            "__type": "Pointer",
            "className": "School",
            "objectId": "QhivKxTeeI"
        },
        "series": "123456",
        "updatedAt": "2014-10-06T19:06:30.395Z"
    },
	{
        "createdAt": "2014-10-06T22:02:40.898Z",
        "name": "robos",
        "objectId": "ztfeujkKUo",
        "period": "MORNING",
        "school": {
            "__type": "Pointer",
            "className": "School",
            "objectId": "lYfAWJWQqs"
        },
        "series": "5",
        "updatedAt": "2014-10-06T22:02:40.898Z"
    },
	{
        "createdAt": "2014-10-06T22:02:40.912Z",
        "name": "alienígenas",
        "objectId": "EO6h8TYcMd",
        "period": "MORNING",
        "school": {
            "__type": "Pointer",
            "className": "School",
            "objectId": "lYfAWJWQqs"
        },
        "series": "4",
        "updatedAt": "2014-10-06T22:02:40.912Z"
    },
	{
        "createdAt": "2014-10-07T13:24:54.002Z",
        "name": "1anoA Ludovina",
        "objectId": "Cskv0H1Ezp",
        "period": "MORNING",
        "school": {
            "__type": "Pointer",
            "className": "School",
            "objectId": "4NdYseffx6"
        },
        "series": "1ano",
        "updatedAt": "2014-10-07T13:24:54.002Z"
    },
	{
        "createdAt": "2014-10-07T14:17:55.580Z",
        "name": "1anoB Ludovina",
        "objectId": "ubn4fpGWgF",
        "period": "MORNING",
        "school": {
            "__type": "Pointer",
            "className": "School",
            "objectId": "4NdYseffx6"
        },
        "series": "1ano",
        "updatedAt": "2014-10-07T14:17:55.580Z"
    },
	{
        "createdAt": "2014-10-07T18:41:24.288Z",
        "name": "1anoD",
        "objectId": "R7DHU1F1IC",
        "period": "AFTERNOON",
        "school": {
            "__type": "Pointer",
            "className": "School",
            "objectId": "4NdYseffx6"
        },
        "series": "1",
        "updatedAt": "2014-10-07T18:41:24.288Z"
    },
	{
        "createdAt": "2014-10-08T10:31:40.436Z",
        "name": "1anoC",
        "objectId": "nlDox689IG",
        "period": "AFTERNOON",
        "school": {
            "__type": "Pointer",
            "className": "School",
            "objectId": "4NdYseffx6"
        },
        "series": "1ano",
        "updatedAt": "2014-10-08T10:31:40.436Z"
    },
	{
        "createdAt": "2014-10-08T18:05:08.055Z",
        "name": "1anoA",
        "objectId": "qgKqBOokHK",
        "period": "AFTERNOON",
        "school": {
            "__type": "Pointer",
            "className": "School",
            "objectId": "AqVVIxyq0h"
        },
        "series": "1",
        "updatedAt": "2014-10-08T18:05:08.055Z"
    },
	{
        "createdAt": "2014-10-09T14:02:17.560Z",
        "name": "1anoB Flora",
        "objectId": "hKsFqTzpj2",
        "period": "AFTERNOON",
        "school": {
            "__type": "Pointer",
            "className": "School",
            "objectId": "AqVVIxyq0h"
        },
        "series": "1",
        "updatedAt": "2014-10-09T14:02:17.560Z"
    },
	{
        "createdAt": "2014-10-09T14:02:17.570Z",
        "name": "1anoB ",
        "objectId": "MrZu5HNktT",
        "period": "AFTERNOON",
        "school": {
            "__type": "Pointer",
            "className": "School",
            "objectId": "AqVVIxyq0h"
        },
        "series": "1ano",
        "updatedAt": "2014-10-09T14:02:17.570Z"
    },
	{
        "createdAt": "2014-10-09T14:02:17.578Z",
        "name": "1anoC",
        "objectId": "PcQ7DADObQ",
        "period": "AFTERNOON",
        "school": {
            "__type": "Pointer",
            "className": "School",
            "objectId": "AqVVIxyq0h"
        },
        "series": "1ano",
        "updatedAt": "2014-10-09T14:02:17.578Z"
    },
	{
        "createdAt": "2014-10-10T16:47:50.634Z",
        "name": "a",
        "objectId": "W5YqTl2HTW",
        "period": "MORNING",
        "school": {
            "__type": "Pointer",
            "className": "School",
            "objectId": "h2D8ApXS3V"
        },
        "series": "pré 2",
        "updatedAt": "2014-10-10T16:47:50.634Z"
    },
	{
        "createdAt": "2014-10-10T19:15:36.347Z",
        "name": "1D",
        "objectId": "LGByGIGJaN",
        "period": "AFTERNOON",
        "school": {
            "__type": "Pointer",
            "className": "School",
            "objectId": "AqVVIxyq0h"
        },
        "series": "D",
        "updatedAt": "2014-10-10T19:15:36.347Z"
    },
	{
        "createdAt": "2014-10-15T13:54:12.520Z",
        "name": "primeiro ano Z",
        "objectId": "dHGXqz0TXM",
        "period": "MORNING",
        "school": {
            "__type": "Pointer",
            "className": "School",
            "objectId": "S1dnEjufd5"
        },
        "series": "1°",
        "updatedAt": "2014-10-15T13:54:12.520Z"
    },
	{
        "createdAt": "2014-10-17T10:56:00.637Z",
        "name": "pré  II",
        "objectId": "5Ae6cEa0hQ",
        "period": "MORNING",
        "school": {
            "__type": "Pointer",
            "className": "School",
            "objectId": "h2D8ApXS3V"
        },
        "series": "A",
        "updatedAt": "2014-10-17T10:56:00.637Z"
    },
	{
        "createdAt": "2014-10-17T10:56:00.646Z",
        "name": "pré  II",
        "objectId": "Uh6M2LWll3",
        "period": "MORNING",
        "school": {
            "__type": "Pointer",
            "className": "School",
            "objectId": "h2D8ApXS3V"
        },
        "series": "A",
        "updatedAt": "2014-10-17T10:56:00.646Z"
    },
	{
        "createdAt": "2014-10-17T10:56:31.040Z",
        "name": "Primeiro B",
        "objectId": "pIXzDuSLw3",
        "period": "AFTERNOON",
        "school": {
            "__type": "Pointer",
            "className": "School",
            "objectId": "h2D8ApXS3V"
        },
        "series": "Primeiro Ano  B",
        "updatedAt": "2014-10-17T10:56:31.040Z"
    },
	{
        "createdAt": "2014-10-17T10:59:49.815Z",
        "name": "primeiro ",
        "objectId": "NtVgJjX8vz",
        "period": "MORNING",
        "school": {
            "__type": "Pointer",
            "className": "School",
            "objectId": "h2D8ApXS3V"
        },
        "series": "1 a",
        "updatedAt": "2014-10-17T10:59:49.815Z"
    },
	{
        "createdAt": "2014-10-17T14:19:27.264Z",
        "name": "2°anoA",
        "objectId": "ykjXPEYLM3",
        "period": "MORNING",
        "school": {
            "__type": "Pointer",
            "className": "School",
            "objectId": "LiKWavLyXg"
        },
        "series": "2°ano",
        "updatedAt": "2014-10-17T14:19:27.264Z"
    },
	{
        "createdAt": "2014-10-17T14:19:27.292Z",
        "name": "2°ano B",
        "objectId": "03I0PJugZX",
        "period": "AFTERNOON",
        "school": {
            "__type": "Pointer",
            "className": "School",
            "objectId": "LiKWavLyXg"
        },
        "series": "2°ano",
        "updatedAt": "2014-10-17T14:19:27.292Z"
    },
	{
        "createdAt": "2014-10-17T14:19:27.299Z",
        "name": "2°ano A",
        "objectId": "bsju8LC93e",
        "period": "MORNING",
        "school": {
            "__type": "Pointer",
            "className": "School",
            "objectId": "LiKWavLyXg"
        },
        "series": "2°A",
        "updatedAt": "2014-10-17T14:19:27.299Z"
    },
	{
        "createdAt": "2014-10-17T15:30:05.124Z",
        "name": "aaaaaa",
        "objectId": "1fudzVCEQV",
        "period": "MORNING",
        "school": {
            "__type": "Pointer",
            "className": "School",
            "objectId": "LiKWavLyXg"
        },
        "series": "aaaaaaa",
        "updatedAt": "2014-10-17T15:30:05.124Z"
    },
	{
        "createdAt": "2014-10-20T15:34:43.018Z",
        "name": "D",
        "objectId": "y7P8HkjZOs",
        "period": "AFTERNOON",
        "school": {
            "__type": "Pointer",
            "className": "School",
            "objectId": "AqVVIxyq0h"
        },
        "series": "1ano",
        "updatedAt": "2014-10-20T15:34:43.018Z"
    },
	{
        "createdAt": "2014-10-20T16:59:54.844Z",
        "name": "1anoE",
        "objectId": "gHhIBtAH5v",
        "period": "AFTERNOON",
        "school": {
            "__type": "Pointer",
            "className": "School",
            "objectId": "AqVVIxyq0h"
        },
        "series": "E",
        "updatedAt": "2014-10-20T16:59:54.844Z"
    },
	{
        "createdAt": "2014-10-20T16:59:54.851Z",
        "name": "A",
        "objectId": "R8vm1jzuSF",
        "period": "AFTERNOON",
        "school": {
            "__type": "Pointer",
            "className": "School",
            "objectId": "AqVVIxyq0h"
        },
        "series": "1ano",
        "updatedAt": "2014-10-20T16:59:54.851Z"
    },
	{
        "createdAt": "2014-10-20T17:57:23.021Z",
        "name": "1anoC Clorinda",
        "objectId": "VMaWqLIfB0",
        "period": "AFTERNOON",
        "school": {
            "__type": "Pointer",
            "className": "School",
            "objectId": "EoKFQNCL8q"
        },
        "series": "1ano",
        "updatedAt": "2014-10-20T17:57:23.021Z"
    },
	{
        "createdAt": "2014-10-20T17:57:23.027Z",
        "name": "1anoB Clorinda",
        "objectId": "S6E6Ao2UHl",
        "period": "AFTERNOON",
        "school": {
            "__type": "Pointer",
            "className": "School",
            "objectId": "EoKFQNCL8q"
        },
        "series": "1ano",
        "updatedAt": "2014-10-20T17:57:23.027Z"
    },
	{
        "createdAt": "2014-10-20T17:57:23.034Z",
        "name": "1anoA",
        "objectId": "hwxevCx84r",
        "period": "AFTERNOON",
        "school": {
            "__type": "Pointer",
            "className": "School",
            "objectId": "EoKFQNCL8q"
        },
        "series": "1ano",
        "updatedAt": "2014-10-20T17:57:23.034Z"
    },
	{
        "createdAt": "2014-10-20T17:57:23.040Z",
        "name": "1anoC  Clorinda",
        "objectId": "deVcTq6EE3",
        "period": "AFTERNOON",
        "school": {
            "__type": "Pointer",
            "className": "School",
            "objectId": "EoKFQNCL8q"
        },
        "series": "1ano",
        "updatedAt": "2014-10-20T17:57:23.040Z"
    },
	{
        "createdAt": "2014-10-20T17:57:23.047Z",
        "name": "1anoB Clorinda",
        "objectId": "ss3HcjPx0Q",
        "period": "AFTERNOON",
        "school": {
            "__type": "Pointer",
            "className": "School",
            "objectId": "EoKFQNCL8q"
        },
        "series": "1ano",
        "updatedAt": "2014-10-20T17:57:23.047Z"
    },
	{
        "createdAt": "2014-10-29T12:51:17.345Z",
        "name": "1 Ano A",
        "objectId": "6YUP6K7fCU",
        "period": "MORNING",
        "school": {
            "__type": "Pointer",
            "className": "School",
            "objectId": "dOdxExCiGw"
        },
        "series": "1 Ano A",
        "updatedAt": "2014-10-29T12:51:17.345Z"
    },
	{
        "createdAt": "2014-10-21T12:31:56.132Z",
        "name": "1° ano A",
        "objectId": "IZBHzjZeTW",
        "period": "MORNING",
        "school": {
            "__type": "Pointer",
            "className": "School",
            "objectId": "S1dnEjufd5"
        },
        "series": "primeira",
        "updatedAt": "2014-10-21T12:31:56.132Z"
    },
	{
        "createdAt": "2014-10-21T12:31:56.238Z",
        "name": "1° ano A",
        "objectId": "vfJsYVY0P7",
        "period": "MORNING",
        "school": {
            "__type": "Pointer",
            "className": "School",
            "objectId": "S1dnEjufd5"
        },
        "series": "primeira",
        "updatedAt": "2014-10-21T12:31:56.238Z"
    },
	{
        "createdAt": "2014-10-21T16:09:56.441Z",
        "name": "1° ano C",
        "objectId": "niMQzFAVmX",
        "period": "AFTERNOON",
        "school": {
            "__type": "Pointer",
            "className": "School",
            "objectId": "S1dnEjufd5"
        },
        "series": "Primeira",
        "updatedAt": "2014-10-21T16:09:56.441Z"
    },
	{
        "createdAt": "2014-10-21T16:09:56.453Z",
        "name": "1° ano E",
        "objectId": "Jrz0mlDKDe",
        "period": "AFTERNOON",
        "school": {
            "__type": "Pointer",
            "className": "School",
            "objectId": "S1dnEjufd5"
        },
        "series": "Primeira",
        "updatedAt": "2014-10-21T16:09:56.453Z"
    },
	{
        "createdAt": "2014-10-22T12:22:51.299Z",
        "name": "1° ano B",
        "objectId": "FipUFnn6eD",
        "period": "MORNING",
        "school": {
            "__type": "Pointer",
            "className": "School",
            "objectId": "S1dnEjufd5"
        },
        "series": "Primeira",
        "updatedAt": "2014-10-22T12:22:51.299Z"
    },
	{
        "createdAt": "2014-10-22T12:22:51.378Z",
        "name": "1° ano D",
        "objectId": "lvb7eNpKRk",
        "period": "AFTERNOON",
        "school": {
            "__type": "Pointer",
            "className": "School",
            "objectId": "S1dnEjufd5"
        },
        "series": "Primeira",
        "updatedAt": "2014-10-22T12:22:51.378Z"
    },
	{
        "createdAt": "2014-10-22T15:33:19.462Z",
        "name": "primeiro A",
        "objectId": "mNvli0BHUI",
        "period": "MORNING",
        "school": {
            "__type": "Pointer",
            "className": "School",
            "objectId": "h2D8ApXS3V"
        },
        "series": "1A",
        "updatedAt": "2014-10-22T15:33:19.462Z"
    },
	{
        "createdAt": "2014-10-22T15:33:19.489Z",
        "name": "primeiro A",
        "objectId": "zSdsuKntXS",
        "period": "MORNING",
        "school": {
            "__type": "Pointer",
            "className": "School",
            "objectId": "h2D8ApXS3V"
        },
        "series": "1A",
        "updatedAt": "2014-10-22T15:33:19.489Z"
    },
	{
        "createdAt": "2014-10-22T15:33:19.498Z",
        "name": "primeiro A",
        "objectId": "AYYSljlNPO",
        "period": "MORNING",
        "school": {
            "__type": "Pointer",
            "className": "School",
            "objectId": "h2D8ApXS3V"
        },
        "series": "1A",
        "updatedAt": "2014-10-22T15:33:19.498Z"
    },
	{
        "createdAt": "2014-10-22T15:33:19.503Z",
        "name": "primeiro A",
        "objectId": "lVTwwG5IkF",
        "period": "MORNING",
        "school": {
            "__type": "Pointer",
            "className": "School",
            "objectId": "h2D8ApXS3V"
        },
        "series": "1A",
        "updatedAt": "2014-10-22T15:33:19.503Z"
    },
	{
        "createdAt": "2014-10-22T15:33:19.508Z",
        "name": "primeiro A",
        "objectId": "sXJlMXjcz4",
        "period": "MORNING",
        "school": {
            "__type": "Pointer",
            "className": "School",
            "objectId": "h2D8ApXS3V"
        },
        "series": "1A",
        "updatedAt": "2014-10-22T15:33:19.508Z"
    },
	{
        "createdAt": "2014-10-22T15:33:19.513Z",
        "name": "primeiro A",
        "objectId": "xj8DYNuO0V",
        "period": "MORNING",
        "school": {
            "__type": "Pointer",
            "className": "School",
            "objectId": "h2D8ApXS3V"
        },
        "series": "1A",
        "updatedAt": "2014-10-22T15:33:19.513Z"
    },
	{
        "createdAt": "2014-10-22T15:33:19.520Z",
        "name": "primeiro A",
        "objectId": "BWX3lofpT6",
        "period": "MORNING",
        "school": {
            "__type": "Pointer",
            "className": "School",
            "objectId": "h2D8ApXS3V"
        },
        "series": "1A",
        "updatedAt": "2014-10-22T15:33:19.520Z"
    },
	{
        "createdAt": "2014-10-22T15:33:19.526Z",
        "name": "primeiro A",
        "objectId": "wgxgVlK8bf",
        "period": "MORNING",
        "school": {
            "__type": "Pointer",
            "className": "School",
            "objectId": "h2D8ApXS3V"
        },
        "series": "1A",
        "updatedAt": "2014-10-22T15:33:19.526Z"
    },
	{
        "createdAt": "2014-10-22T15:33:19.532Z",
        "name": "primeiro A",
        "objectId": "ZeQXRk6c7a",
        "period": "MORNING",
        "school": {
            "__type": "Pointer",
            "className": "School",
            "objectId": "h2D8ApXS3V"
        },
        "series": "1A",
        "updatedAt": "2014-10-22T15:33:19.532Z"
    },
	{
        "createdAt": "2014-10-22T15:40:44.081Z",
        "name": "1B",
        "objectId": "pU6c7abYb8",
        "period": "MORNING",
        "school": {
            "__type": "Pointer",
            "className": "School",
            "objectId": "h2D8ApXS3V"
        },
        "series": "1B",
        "updatedAt": "2014-10-22T15:40:44.081Z"
    },
	{
        "createdAt": "2014-10-23T12:46:56.010Z",
        "name": "1 Ano A",
        "objectId": "XcgidEAgQz",
        "period": "AFTERNOON",
        "school": {
            "__type": "Pointer",
            "className": "School",
            "objectId": "qPAd0oNkZT"
        },
        "series": "1 Ano",
        "updatedAt": "2014-10-23T12:46:56.010Z"
    },
	{
        "createdAt": "2014-10-23T12:49:05.300Z",
        "name": "1 Ano A",
        "objectId": "teLcxGIiQs",
        "period": "AFTERNOON",
        "school": {
            "__type": "Pointer",
            "className": "School",
            "objectId": "qPAd0oNkZT"
        },
        "series": "1 Ano",
        "updatedAt": "2014-10-23T12:49:05.300Z"
    },
	{
        "createdAt": "2014-10-23T16:48:55.599Z",
        "name": "Pré I A",
        "objectId": "0y08jphqrk",
        "period": "MORNING",
        "school": {
            "__type": "Pointer",
            "className": "School",
            "objectId": "qPAd0oNkZT"
        },
        "series": "Pré I A",
        "updatedAt": "2014-10-23T16:48:55.599Z"
    },
	{
        "createdAt": "2014-10-23T16:48:55.641Z",
        "name": "1 ANO   B",
        "objectId": "HkceA3g6FP",
        "period": "AFTERNOON",
        "school": {
            "__type": "Pointer",
            "className": "School",
            "objectId": "qPAd0oNkZT"
        },
        "series": "1 Ano B",
        "updatedAt": "2014-10-23T16:48:55.641Z"
    },
	{
        "createdAt": "2014-10-23T16:48:55.647Z",
        "name": "PRE I B",
        "objectId": "PGxzO3fB9E",
        "period": "MORNING",
        "school": {
            "__type": "Pointer",
            "className": "School",
            "objectId": "qPAd0oNkZT"
        },
        "series": "pre I B",
        "updatedAt": "2014-10-23T16:48:55.647Z"
    },
	{
        "createdAt": "2014-10-23T16:48:55.655Z",
        "name": "1 Ano A",
        "objectId": "wQf1Mrxp1A",
        "period": "AFTERNOON",
        "school": {
            "__type": "Pointer",
            "className": "School",
            "objectId": "qPAd0oNkZT"
        },
        "series": "1     A",
        "updatedAt": "2014-10-23T16:48:55.655Z"
    },
	{
        "createdAt": "2014-10-30T10:14:53.132Z",
        "name": "1 A",
        "objectId": "zTZaILWdKN",
        "period": "MORNING",
        "school": {
            "__type": "Pointer",
            "className": "School",
            "objectId": "dYQCQFSbMf"
        },
        "series": "1 A",
        "updatedAt": "2014-10-30T10:14:53.132Z"
    },
	{
        "createdAt": "2014-10-30T11:06:31.624Z",
        "name": "1 ano A Heidi",
        "objectId": "Z93Uit3mkT",
        "period": "MORNING",
        "school": {
            "__type": "Pointer",
            "className": "School",
            "objectId": "dYQCQFSbMf"
        },
        "series": "1A",
        "updatedAt": "2014-10-30T11:06:31.624Z"
    },
	{
        "createdAt": "2014-10-30T18:48:07.849Z",
        "name": "1 Ano C Heidi",
        "objectId": "sUoja2wPFj",
        "period": "MORNING",
        "school": {
            "__type": "Pointer",
            "className": "School",
            "objectId": "dYQCQFSbMf"
        },
        "series": "1 Ano C Heidi",
        "updatedAt": "2014-10-30T18:48:07.849Z"
    },
	{
        "createdAt": "2014-10-30T18:48:07.859Z",
        "name": "1 Ano B Heidi",
        "objectId": "zFACGNR5Fj",
        "period": "MORNING",
        "school": {
            "__type": "Pointer",
            "className": "School",
            "objectId": "dYQCQFSbMf"
        },
        "series": "1 Ano B Heidi",
        "updatedAt": "2014-10-30T18:48:07.859Z"
    },
	{
        "createdAt": "2014-10-30T19:06:20.748Z",
        "name": "1 ano D Heidi",
        "objectId": "aWP6vjcKSn",
        "period": "AFTERNOON",
        "school": {
            "__type": "Pointer",
            "className": "School",
            "objectId": "dYQCQFSbMf"
        },
        "series": "1D",
        "updatedAt": "2014-10-30T19:06:20.748Z"
    },
	{
        "createdAt": "2014-10-30T19:06:20.757Z",
        "name": "1 ano E  Heidi",
        "objectId": "m00lh7dLP6",
        "period": "AFTERNOON",
        "school": {
            "__type": "Pointer",
            "className": "School",
            "objectId": "dYQCQFSbMf"
        },
        "series": "1E",
        "updatedAt": "2014-10-30T19:06:20.757Z"
    },
	{
        "createdAt": "2014-10-30T19:06:20.764Z",
        "name": "1 Ano F Heidi",
        "objectId": "09FbLV3E0H",
        "period": "AFTERNOON",
        "school": {
            "__type": "Pointer",
            "className": "School",
            "objectId": "dYQCQFSbMf"
        },
        "series": "1F",
        "updatedAt": "2014-10-30T19:06:20.764Z"
    },
	{
        "createdAt": "2014-11-05T17:27:26.350Z",
        "name": "Pre I A",
        "objectId": "Rw4Tz1ptL5",
        "period": "MORNING",
        "school": {
            "__type": "Pointer",
            "className": "School",
            "objectId": "7ujrV3mqTX"
        },
        "series": "pre I A",
        "updatedAt": "2014-11-05T17:27:26.350Z"
    },
	{
        "createdAt": "2014-11-05T18:27:28.834Z",
        "name": "Pré I B",
        "objectId": "O7uDzqy8CG",
        "period": "MORNING",
        "school": {
            "__type": "Pointer",
            "className": "School",
            "objectId": "7ujrV3mqTX"
        },
        "series": "Pre I B",
        "updatedAt": "2014-11-05T18:27:28.834Z"
    },
	{
        "createdAt": "2014-11-06T10:46:05.904Z",
        "name": "1 Ano A",
        "objectId": "X9nJqv3eEL",
        "period": "AFTERNOON",
        "school": {
            "__type": "Pointer",
            "className": "School",
            "objectId": "7ujrV3mqTX"
        },
        "series": "1   A",
        "updatedAt": "2014-11-06T10:46:05.904Z"
    },
	{
        "createdAt": "2014-11-06T13:03:58.723Z",
        "name": "1 Ano B",
        "objectId": "OfVEu6plH8",
        "period": "AFTERNOON",
        "school": {
            "__type": "Pointer",
            "className": "School",
            "objectId": "7ujrV3mqTX"
        },
        "series": "1 B",
        "updatedAt": "2014-11-06T13:03:58.723Z"
    },
	{
        "createdAt": "2014-11-06T15:31:42.983Z",
        "name": "Pré I A",
        "objectId": "8hiJb4FFzx",
        "period": "MORNING",
        "school": {
            "__type": "Pointer",
            "className": "School",
            "objectId": "7ujrV3mqTX"
        },
        "series": "Pre I A",
        "updatedAt": "2014-11-06T15:31:42.983Z"
    },
	{
        "createdAt": "2014-11-10T12:57:21.970Z",
        "name": "1 A",
        "objectId": "tf6NXmiqRF",
        "period": "MORNING",
        "school": {
            "__type": "Pointer",
            "className": "School",
            "objectId": "4NdYseffx6"
        },
        "series": "ano A",
        "updatedAt": "2014-11-10T12:57:21.970Z"
    },
	{
        "createdAt": "2014-11-14T12:52:58.571Z",
        "name": "2° ano B",
        "objectId": "6zRZMAHLbD",
        "period": "AFTERNOON",
        "school": {
            "__type": "Pointer",
            "className": "School",
            "objectId": "ZJSEWRqXuN"
        },
        "series": "2° ano B",
        "updatedAt": "2014-11-14T12:52:58.571Z"
    },
	{
        "createdAt": "2014-11-14T14:08:05.557Z",
        "name": "2° ano A",
        "objectId": "df7XmemSJ1",
        "period": "MORNING",
        "school": {
            "__type": "Pointer",
            "className": "School",
            "objectId": "ZJSEWRqXuN"
        },
        "series": "2° ano A",
        "updatedAt": "2014-11-14T14:08:05.557Z"
    },
	{
        "createdAt": "2014-11-14T14:08:05.576Z",
        "name": "2° ano A",
        "objectId": "T9Ve8YVUTl",
        "period": "MORNING",
        "school": {
            "__type": "Pointer",
            "className": "School",
            "objectId": "ZJSEWRqXuN"
        },
        "series": "2° ano A",
        "updatedAt": "2014-11-14T14:08:05.576Z"
    },
	{
        "createdAt": "2014-11-14T14:08:05.584Z",
        "name": "2° ano A ",
        "objectId": "nDk18Bbirs",
        "period": "MORNING",
        "school": {
            "__type": "Pointer",
            "className": "School",
            "objectId": "ZJSEWRqXuN"
        },
        "series": "2° ano A",
        "updatedAt": "2014-11-14T14:08:05.584Z"
    },
	{
        "createdAt": "2014-11-14T14:08:05.592Z",
        "name": "2° ano A",
        "objectId": "hfXMVcoR3k",
        "period": "MORNING",
        "school": {
            "__type": "Pointer",
            "className": "School",
            "objectId": "ZJSEWRqXuN"
        },
        "series": "2° ano A",
        "updatedAt": "2014-11-14T14:08:05.592Z"
    },
	{
        "createdAt": "2014-11-14T14:08:05.600Z",
        "name": "2° ano A",
        "objectId": "wkNVDVedZ6",
        "period": "MORNING",
        "school": {
            "__type": "Pointer",
            "className": "School",
            "objectId": "ZJSEWRqXuN"
        },
        "series": "2° ano A",
        "updatedAt": "2014-11-14T14:08:05.600Z"
    },
	{
        "createdAt": "2014-11-14T14:08:05.611Z",
        "name": "0000",
        "objectId": "SFJFAJjms1",
        "period": "MORNING",
        "school": {
            "__type": "Pointer",
            "className": "School",
            "objectId": "ZJSEWRqXuN"
        },
        "series": "0000",
        "updatedAt": "2014-11-18T11:02:25.634Z"
    },
	{
        "createdAt": "2014-11-19T16:33:13.430Z",
        "name": "pre II B",
        "objectId": "b80DPGgrjF",
        "period": "MORNING",
        "school": {
            "__type": "Pointer",
            "className": "School",
            "objectId": "cpoTpY0WVB"
        },
        "series": "preII B",
        "updatedAt": "2014-11-19T16:33:13.430Z"
    },
	{
        "createdAt": "2014-11-19T17:47:13.999Z",
        "name": "Elias Pré II E",
        "objectId": "2KijjTRsdf",
        "period": "AFTERNOON",
        "school": {
            "__type": "Pointer",
            "className": "School",
            "objectId": "nzTeLuYSls"
        },
        "series": "pré 2",
        "updatedAt": "2014-11-19T17:47:13.999Z"
    },
	{
        "createdAt": "2014-11-19T17:47:14.006Z",
        "name": "Elias Pré II B",
        "objectId": "hu4qnGO1dD",
        "period": "MORNING",
        "school": {
            "__type": "Pointer",
            "className": "School",
            "objectId": "nzTeLuYSls"
        },
        "series": "pré 2",
        "updatedAt": "2014-11-19T17:47:14.006Z"
    },
	{
        "createdAt": "2014-11-24T10:51:29.777Z",
        "name": "pre IIB",
        "objectId": "lMgJavQ6sI",
        "period": "MORNING",
        "school": {
            "__type": "Pointer",
            "className": "School",
            "objectId": "nzTeLuYSls"
        },
        "series": "IIB",
        "updatedAt": "2014-11-24T10:51:29.777Z"
    },
	{
        "createdAt": "2014-12-15T21:41:12.519Z",
        "name": "samsung teste ",
        "objectId": "7bYsPcNDKS",
        "period": "MORNING",
        "school": {
            "__type": "Pointer",
            "className": "School",
            "objectId": "h0GPi5jmQ6"
        },
        "series": "2",
        "updatedAt": "2014-12-15T21:41:12.519Z"
    },
	{
        "createdAt": "2015-01-23T14:10:46.478Z",
        "name": "Seria A",
        "objectId": "8hVV9xhdt9",
        "period": "Mornin",
        "school": {
            "__type": "Pointer",
            "className": "School",
            "objectId": "whQavhx7Sv"
        },
        "series": "1",
        "updatedAt": "2015-01-23T14:11:01.553Z"
    },
	{
        "createdAt": "2015-01-26T18:35:43.808Z",
        "name": "huehue",
        "objectId": "5epv0zDEN9",
        "period": "Manhã",
        "school": {
            "__type": "Pointer",
            "className": "School",
            "objectId": "9vwbukO18x"
        },
        "series": "maternall",
        "updatedAt": "2015-01-26T18:35:43.808Z"
    },
	{
        "createdAt": "2015-01-29T13:53:44.782Z",
        "name": "Turma 1",
        "objectId": "MuWXca2Nzd",
        "period": "Manhã",
        "school": null,
        "series": "1234",
        "updatedAt": "2015-01-29T13:53:44.782Z"
    },
	{
        "createdAt": "2015-01-29T13:56:17.704Z",
        "name": "Turma 1",
        "objectId": "xkfOHRH7KJ",
        "period": "Manhã",
        "school": {
            "__type": "Pointer",
            "className": "School",
            "objectId": "TC7IjpdSFe"
        },
        "series": "1",
        "updatedAt": "2015-01-29T13:56:17.704Z"
    },
	{
        "createdAt": "2015-01-29T14:01:48.356Z",
        "name": "Turma 2",
        "objectId": "BXUiPNzAwm",
        "period": "Manhã",
        "school": {
            "__type": "Pointer",
            "className": "School",
            "objectId": "vuKwPfgIN1"
        },
        "series": "2",
        "updatedAt": "2015-01-29T14:01:48.356Z"
    },
	{
        "createdAt": "2015-01-29T14:27:23.641Z",
        "name": "Turma3",
        "objectId": "xig429yj62",
        "period": "Manhã",
        "school": {
            "__type": "Pointer",
            "className": "School",
            "objectId": "WAMewWeBQL"
        },
        "series": "3",
        "updatedAt": "2015-01-29T14:27:23.641Z"
    },
	{
        "createdAt": "2015-01-29T22:47:01.205Z",
        "name": "teasdas",
        "objectId": "8wENRuGFpZ",
        "period": "Manhã",
        "school": {
            "__type": "Pointer",
            "className": "School",
            "objectId": "GesnqunlZa"
        },
        "series": "teasda",
        "updatedAt": "2015-01-29T22:47:01.205Z"
    },
	{
        "createdAt": "2015-01-29T23:37:08.902Z",
        "name": "Turma X",
        "objectId": "tpTGDeYKcU",
        "period": "Manhã",
        "school": {
            "__type": "Pointer",
            "className": "School",
            "objectId": "svKbq9RITm"
        },
        "series": "x",
        "updatedAt": "2015-01-29T23:37:08.902Z"
    },
	{
        "createdAt": "2015-01-30T00:25:01.300Z",
        "name": "Turma W",
        "objectId": "Zggx2pswZB",
        "period": "Manhã",
        "school": {
            "__type": "Pointer",
            "className": "School",
            "objectId": "MEicSHxRRG"
        },
        "series": "w",
        "updatedAt": "2015-01-30T00:25:01.300Z"
    },
	{
        "createdAt": "2015-01-30T00:32:11.195Z",
        "name": "Turma Z",
        "objectId": "WjdCmMhxpT",
        "period": "Manhã",
        "school": {
            "__type": "Pointer",
            "className": "School",
            "objectId": "OKCqxIB4IO"
        },
        "series": "z",
        "updatedAt": "2015-01-30T00:32:11.195Z"
    },
	{
        "createdAt": "2015-01-30T00:43:02.989Z",
        "name": "Turma B",
        "objectId": "WGEzuzwTjM",
        "period": "Manhã",
        "school": {
            "__type": "Pointer",
            "className": "School",
            "objectId": "zOdjKXPau0"
        },
        "series": "b",
        "updatedAt": "2015-01-30T00:43:02.989Z"
    },
	{
        "createdAt": "2015-01-30T00:59:05.470Z",
        "name": "asdf",
        "objectId": "kk72CoJur0",
        "period": "Manhã",
        "school": {
            "__type": "Pointer",
            "className": "School",
            "objectId": "h4JRyYbBIO"
        },
        "series": "asdf",
        "updatedAt": "2015-01-30T00:59:05.470Z"
    },
	{
        "createdAt": "2015-01-30T01:11:32.522Z",
        "name": "turma 2",
        "objectId": "G4PgDbNdv7",
        "period": "Tarde",
        "school": {
            "__type": "Pointer",
            "className": "School",
            "objectId": "h4JRyYbBIO"
        },
        "series": "3456",
        "updatedAt": "2015-01-30T01:11:32.522Z"
    },
	{
        "createdAt": "2015-01-30T01:11:32.527Z",
        "name": "tfyjfyg",
        "objectId": "9UUTazRQvL",
        "period": "Manhã",
        "school": {
            "__type": "Pointer",
            "className": "School",
            "objectId": "h4JRyYbBIO"
        },
        "series": "34566",
        "updatedAt": "2015-01-30T01:11:32.527Z"
    },
	{
        "createdAt": "2015-02-02T20:36:09.992Z",
        "name": "huerao",
        "objectId": "maf09K0k2m",
        "period": "Manhã",
        "school": {
            "__type": "Pointer",
            "className": "School",
            "objectId": "pkpN63aeeO"
        },
        "series": "pre maternal",
        "updatedAt": "2015-02-02T20:36:09.992Z"
    },
	{
        "createdAt": "2015-02-02T20:36:10.004Z",
        "name": "huehue",
        "objectId": "FqzmGAOyuL",
        "period": "Manhã",
        "school": {
            "__type": "Pointer",
            "className": "School",
            "objectId": "pkpN63aeeO"
        },
        "series": "b",
        "updatedAt": "2015-02-02T20:36:10.004Z"
    },
	{
        "createdAt": "2015-02-03T19:38:33.446Z",
        "name": "hue",
        "objectId": "aswWRBJN7n",
        "period": "Manhã",
        "school": {
            "__type": "Pointer",
            "className": "School",
            "objectId": "BhPhO7qxfs"
        },
        "series": "um",
        "updatedAt": "2015-02-03T19:38:33.446Z"
    },
	{
        "createdAt": "2015-02-09T18:48:36.847Z",
        "name": "turma",
        "objectId": "FZNuuZOiid",
        "period": "Tarde",
        "school": {
            "__type": "Pointer",
            "className": "School",
            "objectId": "oWk3VffGk1"
        },
        "series": "4",
        "updatedAt": "2015-02-09T18:48:36.847Z"
    },
	{
        "createdAt": "2015-02-09T18:48:36.887Z",
        "name": "turma um",
        "objectId": "vGC02P9BZ9",
        "period": "Manhã",
        "school": {
            "__type": "Pointer",
            "className": "School",
            "objectId": "oWk3VffGk1"
        },
        "series": "5",
        "updatedAt": "2015-02-09T18:48:36.887Z"
    },
	{
        "createdAt": "2015-02-19T23:25:43.553Z",
        "name": "huehue",
        "objectId": "40cKbx6JK0",
        "period": "Manhã",
        "school": {
            "__type": "Pointer",
            "className": "School",
            "objectId": "LYTTKGWj5Q"
        },
        "series": "maternal",
        "updatedAt": "2015-02-19T23:25:43.553Z"
    },
	{
        "createdAt": "2015-02-20T13:32:25.051Z",
        "name": "turma",
        "objectId": "scTdEGR3Rt",
        "period": "Manhã",
        "school": {
            "__type": "Pointer",
            "className": "School",
            "objectId": "KGNT0p1cw8"
        },
        "series": "6",
        "updatedAt": "2015-02-20T13:32:25.051Z"
    },
	{
        "createdAt": "2015-02-20T22:50:46.807Z",
        "name": "1anoD",
        "objectId": "j5Rze1TXoB",
        "period": "AFTERNOON",
        "school": {
            "__type": "Pointer",
            "className": "School",
            "objectId": "I1G13v5bXh"
        },
        "series": "1",
        "updatedAt": "2015-02-20T22:50:46.807Z"
    },
	{
        "createdAt": "2015-02-20T22:50:46.869Z",
        "name": "1anoC",
        "objectId": "wmIGiexC4t",
        "period": "AFTERNOON",
        "school": {
            "__type": "Pointer",
            "className": "School",
            "objectId": "I1G13v5bXh"
        },
        "series": "1ano",
        "updatedAt": "2015-02-20T22:50:46.869Z"
    },
	{
        "createdAt": "2015-02-20T22:50:46.876Z",
        "name": "1anoB Ludovina",
        "objectId": "6s79cHrSfz",
        "period": "MORNING",
        "school": {
            "__type": "Pointer",
            "className": "School",
            "objectId": "I1G13v5bXh"
        },
        "series": "1ano",
        "updatedAt": "2015-02-20T22:50:46.876Z"
    },
	{
        "createdAt": "2015-02-20T22:50:46.889Z",
        "name": "1anoA Ludovina",
        "objectId": "DOkXjpJv45",
        "period": "MORNING",
        "school": {
            "__type": "Pointer",
            "className": "School",
            "objectId": "I1G13v5bXh"
        },
        "series": "1ano",
        "updatedAt": "2015-02-20T22:50:46.889Z"
    },
	{
        "createdAt": "2015-02-20T22:50:46.897Z",
        "name": "1 A",
        "objectId": "rY9gmZDb7O",
        "period": "MORNING",
        "school": {
            "__type": "Pointer",
            "className": "School",
            "objectId": "I1G13v5bXh"
        },
        "series": "ano A",
        "updatedAt": "2015-02-20T22:50:46.897Z"
    },
	{
        "createdAt": "2015-02-20T23:51:14.791Z",
        "name": "1anoD",
        "objectId": "KQO3cX7Iod",
        "period": "AFTERNOON",
        "school": {
            "__type": "Pointer",
            "className": "School",
            "objectId": "W9FjgRXs2i"
        },
        "series": "1",
        "updatedAt": "2015-02-20T23:51:14.791Z"
    },
	{
        "createdAt": "2015-02-20T23:51:14.826Z",
        "name": "1anoC",
        "objectId": "J9buoJ41ce",
        "period": "AFTERNOON",
        "school": {
            "__type": "Pointer",
            "className": "School",
            "objectId": "W9FjgRXs2i"
        },
        "series": "1ano",
        "updatedAt": "2015-02-20T23:51:14.826Z"
    },
	{
        "createdAt": "2015-02-20T23:51:14.832Z",
        "name": "1anoB Ludovina",
        "objectId": "5dsbWFgjsv",
        "period": "MORNING",
        "school": {
            "__type": "Pointer",
            "className": "School",
            "objectId": "W9FjgRXs2i"
        },
        "series": "1ano",
        "updatedAt": "2015-02-20T23:51:14.832Z"
    },
	{
        "createdAt": "2015-02-20T23:51:14.839Z",
        "name": "1anoA Ludovina",
        "objectId": "samR6a5BSV",
        "period": "MORNING",
        "school": {
            "__type": "Pointer",
            "className": "School",
            "objectId": "W9FjgRXs2i"
        },
        "series": "1ano",
        "updatedAt": "2015-02-20T23:51:14.839Z"
    },
	{
        "createdAt": "2015-02-20T23:51:14.846Z",
        "name": "1 A",
        "objectId": "IlrixPKlhM",
        "period": "MORNING",
        "school": {
            "__type": "Pointer",
            "className": "School",
            "objectId": "W9FjgRXs2i"
        },
        "series": "ano A",
        "updatedAt": "2015-02-20T23:51:14.846Z"
    },
	{
        "createdAt": "2015-02-21T00:13:36.932Z",
        "name": "1anoD",
        "objectId": "r2WnYghpQg",
        "period": "AFTERNOON",
        "school": {
            "__type": "Pointer",
            "className": "School",
            "objectId": "oEF6IqAUSb"
        },
        "series": "1",
        "updatedAt": "2015-02-21T00:13:36.932Z"
    },
	{
        "createdAt": "2015-02-21T00:13:36.936Z",
        "name": "1anoC",
        "objectId": "JWRQc2CAsj",
        "period": "AFTERNOON",
        "school": {
            "__type": "Pointer",
            "className": "School",
            "objectId": "oEF6IqAUSb"
        },
        "series": "1ano",
        "updatedAt": "2015-02-21T00:13:36.936Z"
    },
	{
        "createdAt": "2015-02-21T00:13:36.939Z",
        "name": "1anoB Ludovina",
        "objectId": "FiHwzxNCPy",
        "period": "MORNING",
        "school": {
            "__type": "Pointer",
            "className": "School",
            "objectId": "oEF6IqAUSb"
        },
        "series": "1ano",
        "updatedAt": "2015-02-21T00:13:36.939Z"
    },
	{
        "createdAt": "2015-02-21T00:13:36.942Z",
        "name": "1anoA Ludovina",
        "objectId": "idaBodfk5I",
        "period": "MORNING",
        "school": {
            "__type": "Pointer",
            "className": "School",
            "objectId": "oEF6IqAUSb"
        },
        "series": "1ano",
        "updatedAt": "2015-02-21T00:13:36.942Z"
    },
	{
        "createdAt": "2015-02-21T00:13:36.945Z",
        "name": "1 A",
        "objectId": "QmA67S8Aek",
        "period": "MORNING",
        "school": {
            "__type": "Pointer",
            "className": "School",
            "objectId": "oEF6IqAUSb"
        },
        "series": "ano A",
        "updatedAt": "2015-02-21T00:13:36.945Z"
    },
	{
        "createdAt": "2015-02-23T21:09:26.111Z",
        "name": "tuer",
        "objectId": "OSqMcwUKPX",
        "period": "Manhã",
        "school": {
            "__type": "Pointer",
            "className": "School",
            "objectId": "5UoYwfkHIv"
        },
        "series": "3",
        "updatedAt": "2015-02-23T21:09:26.111Z"
    },
	{
        "createdAt": "2015-02-24T20:24:27.387Z",
        "name": "dfvdfvdfv",
        "objectId": "lCTbjH2s3B",
        "period": "Manhã",
        "school": {
            "__type": "Pointer",
            "className": "School",
            "objectId": "zfqtep5nTJ"
        },
        "series": "scdvxfdfv",
        "updatedAt": "2015-02-24T20:24:27.387Z"
    },
	{
        "createdAt": "2015-02-24T20:32:10.089Z",
        "name": "farofeiroos",
        "objectId": "Tz0BCsEtCl",
        "period": "Manhã",
        "school": {
            "__type": "Pointer",
            "className": "School",
            "objectId": "8Nfi89iBdb"
        },
        "series": "1",
        "updatedAt": "2015-02-24T20:32:10.089Z"
    },
	{
        "createdAt": "2015-02-26T14:19:11.104Z",
        "name": "uum",
        "objectId": "pGzEwH8Q8y",
        "period": "Manhã",
        "school": {
            "__type": "Pointer",
            "className": "School",
            "objectId": "WLPAxPlW29"
        },
        "series": "1",
        "updatedAt": "2015-02-26T14:19:11.104Z"
    },
	{
        "createdAt": "2015-02-26T14:19:11.158Z",
        "name": "dois",
        "objectId": "WgLosjFoBq",
        "period": "Manhã",
        "school": {
            "__type": "Pointer",
            "className": "School",
            "objectId": "WLPAxPlW29"
        },
        "series": "2",
        "updatedAt": "2015-02-26T14:19:11.158Z"
    },
	{
        "createdAt": "2015-02-26T23:29:21.855Z",
        "name": "teste1",
        "objectId": "8D9MnYHgRE",
        "period": "Manhã",
        "school": {
            "__type": "Pointer",
            "className": "School",
            "objectId": "tUH5TSEYmG"
        },
        "series": "2",
        "updatedAt": "2015-02-26T23:29:21.855Z"
    },
	{
        "createdAt": "2015-02-26T23:44:34.074Z",
        "name": "huehue",
        "objectId": "zHd6ouUMam",
        "period": "Manhã",
        "school": {
            "__type": "Pointer",
            "className": "School",
            "objectId": "4LbDbSab2g"
        },
        "series": "maternal",
        "updatedAt": "2015-02-26T23:44:34.074Z"
    },
	{
        "createdAt": "2015-02-26T23:44:34.081Z",
        "name": "huebrbr",
        "objectId": "6gb7UxuVFm",
        "period": "Manhã",
        "school": {
            "__type": "Pointer",
            "className": "School",
            "objectId": "4LbDbSab2g"
        },
        "series": "pre",
        "updatedAt": "2015-02-26T23:44:34.081Z"
    },
	{
        "createdAt": "2015-02-27T01:38:18.877Z",
        "name": "deletar",
        "objectId": "yhOK5s4DHt",
        "period": "Manhã",
        "school": {
            "__type": "Pointer",
            "className": "School",
            "objectId": "dOdxExCiGw"
        },
        "series": "deletarrrr",
        "updatedAt": "2015-02-27T01:38:18.877Z"
    },
	{
        "createdAt": "2015-02-27T02:05:26.979Z",
        "name": "Chenay Turma",
        "objectId": "Mbo1vfyZma",
        "period": "Manhã",
        "school": {
            "__type": "Pointer",
            "className": "School",
            "objectId": "4LbDbSab2g"
        },
        "series": "a",
        "updatedAt": "2015-02-27T02:05:26.979Z"
    },
	{
        "createdAt": "2015-02-27T02:05:27.115Z",
        "name": "desu",
        "objectId": "n1uvkR1zUQ",
        "period": "Tarde",
        "school": {
            "__type": "Pointer",
            "className": "School",
            "objectId": "4LbDbSab2g"
        },
        "series": "2",
        "updatedAt": "2015-02-27T02:05:27.115Z"
    },
	{
        "createdAt": "2015-02-27T02:05:27.176Z",
        "name": "deletar",
        "objectId": "cxyNskUJfI",
        "period": "Manhã",
        "school": {
            "__type": "Pointer",
            "className": "School",
            "objectId": "4LbDbSab2g"
        },
        "series": "deletarrrr",
        "updatedAt": "2015-02-27T02:05:27.176Z"
    },
	{
        "createdAt": "2015-02-27T02:23:12.637Z",
        "name": "eins",
        "objectId": "92qpzSQNxD",
        "period": "Manhã",
        "school": {
            "__type": "Pointer",
            "className": "School",
            "objectId": "ur4nKvK1t4"
        },
        "series": "1",
        "updatedAt": "2015-02-27T02:23:12.637Z"
    },
	{
        "createdAt": "2015-02-27T02:23:12.641Z",
        "name": "sechs",
        "objectId": "B2NRn4yMQF",
        "period": "Manhã",
        "school": {
            "__type": "Pointer",
            "className": "School",
            "objectId": "ur4nKvK1t4"
        },
        "series": "6",
        "updatedAt": "2015-02-27T02:23:12.641Z"
    },
	{
        "createdAt": "2015-02-27T02:31:59.157Z",
        "name": "farofa",
        "objectId": "6lJQYr1b3s",
        "period": "Manhã",
        "school": {
            "__type": "Pointer",
            "className": "School",
            "objectId": "gUVsow0keN"
        },
        "series": "studios",
        "updatedAt": "2015-02-27T02:31:59.157Z"
    },
	{
        "createdAt": "2015-02-27T02:31:59.160Z",
        "name": "kygbyjyjv",
        "objectId": "Het2uQlRyk",
        "period": "Manhã",
        "school": {
            "__type": "Pointer",
            "className": "School",
            "objectId": "gUVsow0keN"
        },
        "series": "vthhhvgvhg",
        "updatedAt": "2015-02-27T02:31:59.160Z"
    },
	{
        "createdAt": "2015-02-27T03:44:06.065Z",
        "name": "zehn",
        "objectId": "EGEg2YMYT9",
        "period": "Manhã",
        "school": {
            "__type": "Pointer",
            "className": "School",
            "objectId": "tUH5TSEYmG"
        },
        "series": "2",
        "updatedAt": "2015-02-27T03:44:06.065Z"
    },
	{
        "createdAt": "2015-02-27T06:16:25.826Z",
        "name": "mmmmmm",
        "objectId": "p2RPMgk9TB",
        "period": "Manhã",
        "school": {
            "__type": "Pointer",
            "className": "School",
            "objectId": "4LbDbSab2g"
        },
        "series": "nnnnn",
        "updatedAt": "2015-02-27T06:16:25.826Z"
    },
	{
        "createdAt": "2015-02-27T06:31:20.051Z",
        "name": "rgffgh",
        "objectId": "ZSZ0lPAglu",
        "period": "Manhã",
        "school": {
            "__type": "Pointer",
            "className": "School",
            "objectId": "YfQNqqYNry"
        },
        "series": "3",
        "updatedAt": "2015-02-27T06:31:20.051Z"
    },
	{
        "createdAt": "2015-02-27T06:31:20.058Z",
        "name": "iijj",
        "objectId": "SDzNANzriW",
        "period": "Manhã",
        "school": {
            "__type": "Pointer",
            "className": "School",
            "objectId": "YfQNqqYNry"
        },
        "series": "2",
        "updatedAt": "2015-02-27T06:31:20.058Z"
    },
	{
        "createdAt": "2015-03-02T12:32:45.877Z",
        "name": "abc",
        "objectId": "wSTAjvdBZG",
        "period": "Manhã",
        "school": {
            "__type": "Pointer",
            "className": "School",
            "objectId": "WqJYTUCj7J"
        },
        "series": "2 a",
        "updatedAt": "2015-03-02T12:32:45.877Z"
    },
	{
        "createdAt": "2015-03-02T12:59:04.698Z",
        "name": "pre1",
        "objectId": "sgJetXfjTz",
        "period": "Manhã",
        "school": {
            "__type": "Pointer",
            "className": "School",
            "objectId": "gfMDhIP6qS"
        },
        "series": "pre1",
        "updatedAt": "2015-03-02T12:59:04.698Z"
    },
	{
        "createdAt": "2015-03-02T12:59:04.749Z",
        "name": "pre2",
        "objectId": "R0wFShdYYM",
        "period": "Manhã",
        "school": {
            "__type": "Pointer",
            "className": "School",
            "objectId": "gfMDhIP6qS"
        },
        "series": "pre2",
        "updatedAt": "2015-03-02T12:59:04.749Z"
    },
	{
        "createdAt": "2015-03-02T13:47:56.013Z",
        "name": "Lalalalla",
        "objectId": "6cDVOMy5e3",
        "period": "Manhã",
        "school": {
            "__type": "Pointer",
            "className": "School",
            "objectId": "fy7H13JzzS"
        },
        "series": "Lalalla",
        "updatedAt": "2015-03-02T13:47:56.013Z"
    },
	{
        "createdAt": "2015-03-02T13:47:56.023Z",
        "name": "uehuehe",
        "objectId": "9g3AH22Har",
        "period": "Manhã",
        "school": {
            "__type": "Pointer",
            "className": "School",
            "objectId": "fy7H13JzzS"
        },
        "series": "huehue",
        "updatedAt": "2015-03-02T13:47:56.023Z"
    },
	{
        "createdAt": "2015-03-02T13:55:57.816Z",
        "name": "PRE 2 A",
        "objectId": "Agp3qUs0p7",
        "period": "Manhã",
        "school": {
            "__type": "Pointer",
            "className": "School",
            "objectId": "GbXzSDzEtD"
        },
        "series": "PRE 2 A",
        "updatedAt": "2015-03-02T13:55:57.816Z"
    },
	{
        "createdAt": "2015-03-03T19:49:14.968Z",
        "name": "Turma 1A",
        "objectId": "29bPRwiW9Y",
        "period": "Manhã",
        "school": {
            "__type": "Pointer",
            "className": "School",
            "objectId": "Rr2tmKyFti"
        },
        "series": "1 Ano",
        "updatedAt": "2015-03-03T19:49:14.968Z"
    },
	{
        "createdAt": "2015-03-03T23:23:23.334Z",
        "name": "turma da zueira",
        "objectId": "l2oX3vdrrR",
        "period": "Manhã",
        "school": {
            "__type": "Pointer",
            "className": "School",
            "objectId": "2MZmj4JVyu"
        },
        "series": "huehue",
        "updatedAt": "2015-03-03T23:23:23.334Z"
    },
	{
        "createdAt": "2015-03-03T23:23:23.353Z",
        "name": "yjyjvjvyjvg",
        "objectId": "uZFlsFAuUi",
        "period": "Manhã",
        "school": {
            "__type": "Pointer",
            "className": "School",
            "objectId": "2MZmj4JVyu"
        },
        "series": "vb  vb gbn gng ng",
        "updatedAt": "2015-03-03T23:23:23.353Z"
    },
	{
        "createdAt": "2015-03-03T23:31:58.702Z",
        "name": "turma bc",
        "objectId": "46zPyQ8kxk",
        "period": "Manhã",
        "school": {
            "__type": "Pointer",
            "className": "School",
            "objectId": "sjLenMQo3I"
        },
        "series": "2",
        "updatedAt": "2015-03-03T23:31:58.702Z"
    },
	{
        "createdAt": "2015-03-04T04:14:49.705Z",
        "name": "turrma",
        "objectId": "wv8nLpVO3J",
        "period": "Manhã",
        "school": {
            "__type": "Pointer",
            "className": "School",
            "objectId": "h3cWHZV0DY"
        },
        "series": "2",
        "updatedAt": "2015-03-04T04:14:49.705Z"
    },
	{
        "createdAt": "2015-03-04T04:14:49.718Z",
        "name": "tuurma",
        "objectId": "fK5OLnSSNc",
        "period": "Manhã",
        "school": {
            "__type": "Pointer",
            "className": "School",
            "objectId": "h3cWHZV0DY"
        },
        "series": "3",
        "updatedAt": "2015-03-04T04:14:49.718Z"
    },
	{
        "createdAt": "2015-03-04T07:54:26.276Z",
        "name": "ppp",
        "objectId": "x9cFeIYAou",
        "period": "Manhã",
        "school": {
            "__type": "Pointer",
            "className": "School",
            "objectId": "cBpCbT4hq6"
        },
        "series": "ppp",
        "updatedAt": "2015-03-04T07:54:26.276Z"
    },
	{
        "createdAt": "2015-03-05T18:27:01.763Z",
        "name": "teste",
        "objectId": "WiKyivNVlV",
        "period": "Manhã",
        "school": {
            "__type": "Pointer",
            "className": "School",
            "objectId": "iECO0cXCsH"
        },
        "series": "1",
        "updatedAt": "2015-03-05T18:27:01.763Z"
    },
	{
        "createdAt": "2015-03-06T03:05:27.407Z",
        "name": "1anoB",
        "objectId": "Li7MWAXhzK",
        "period": "Manhã",
        "school": {
            "__type": "Pointer",
            "className": "School",
            "objectId": "dOdxExCiGw"
        },
        "series": "ano b",
        "updatedAt": "2015-03-06T03:05:27.407Z"
    },
	{
        "createdAt": "2015-03-07T18:54:29.517Z",
        "name": "prell",
        "objectId": "inQp47gvAB",
        "period": "Manhã",
        "school": {
            "__type": "Pointer",
            "className": "School",
            "objectId": "OZbVSibswJ"
        },
        "series": "pre2",
        "updatedAt": "2015-03-07T18:54:29.517Z"
    },
	{
        "createdAt": "2015-03-09T19:22:05.981Z",
        "name": "turmas",
        "objectId": "0Y1wXfCEc4",
        "period": "Manhã",
        "school": {
            "__type": "Pointer",
            "className": "School",
            "objectId": "pkpN63aeeO"
        },
        "series": "todas",
        "updatedAt": "2015-03-09T19:22:05.981Z"
    },
	{
        "createdAt": "2015-03-10T21:11:13.444Z",
        "name": "falso",
        "objectId": "U7edi0vQGg",
        "period": "Tarde",
        "school": {
            "__type": "Pointer",
            "className": "School",
            "objectId": "DMsRk2U1o7"
        },
        "series": "2",
        "updatedAt": "2015-03-10T21:11:13.444Z"
    },
	{
        "createdAt": "2015-03-10T21:11:13.529Z",
        "name": "diamante",
        "objectId": "BkoiIqyW5U",
        "period": "Manhã",
        "school": {
            "__type": "Pointer",
            "className": "School",
            "objectId": "DMsRk2U1o7"
        },
        "series": "1",
        "updatedAt": "2015-03-10T21:11:13.529Z"
    },
	{
        "createdAt": "2015-03-10T21:19:55.293Z",
        "name": "turmete",
        "objectId": "qQ3cBMD4Fh",
        "period": "Manhã",
        "school": {
            "__type": "Pointer",
            "className": "School",
            "objectId": "W8EYqx8Cmz"
        },
        "series": "dahuera",
        "updatedAt": "2015-03-10T21:19:55.293Z"
    },
	{
        "createdAt": "2015-03-10T21:19:55.297Z",
        "name": "thcurminha",
        "objectId": "yN3cq0PTPp",
        "period": "Manhã",
        "school": {
            "__type": "Pointer",
            "className": "School",
            "objectId": "W8EYqx8Cmz"
        },
        "series": "da pesada",
        "updatedAt": "2015-03-10T21:19:55.297Z"
    },
	{
        "createdAt": "2015-03-10T23:59:58.713Z",
        "name": "thurminha",
        "objectId": "6u6mBTapVb",
        "period": "Manhã",
        "school": {
            "__type": "Pointer",
            "className": "School",
            "objectId": "Y1RoJkiSTF"
        },
        "series": "a",
        "updatedAt": "2015-03-10T23:59:58.713Z"
    },
	{
        "createdAt": "2015-03-11T02:13:28.222Z",
        "name": "tchurminha",
        "objectId": "6M7wjHSCbk",
        "period": "Manhã",
        "school": {
            "__type": "Pointer",
            "className": "School",
            "objectId": "bGaGVinVEo"
        },
        "series": "a",
        "updatedAt": "2015-03-11T02:13:28.222Z"
    },
	{
        "createdAt": "2015-03-11T02:13:28.229Z",
        "name": "tchurma",
        "objectId": "2gqWMwDyQ4",
        "period": "Manhã",
        "school": {
            "__type": "Pointer",
            "className": "School",
            "objectId": "bGaGVinVEo"
        },
        "series": "b",
        "updatedAt": "2015-03-11T02:13:28.229Z"
    },
	{
        "createdAt": "2015-03-13T15:11:00.600Z",
        "name": "turma nova",
        "objectId": "ArPi3bc64W",
        "period": "Manhã",
        "school": {
            "__type": "Pointer",
            "className": "School",
            "objectId": "pkpN63aeeO"
        },
        "series": "b",
        "updatedAt": "2015-03-13T15:11:00.600Z"
    },
	{
        "createdAt": "2015-03-20T18:31:20.544Z",
        "name": "Pré",
        "objectId": "IUmP2kAa3Q",
        "period": "AFTERNOON",
        "school": {
            "__type": "Pointer",
            "className": "School",
            "objectId": "nzTeLuYSls"
        },
        "series": "II E",
        "updatedAt": "2015-03-20T18:31:20.544Z"
    }
] }