{ "results": [
	{
        "createdAt": "2015-02-16T01:22:32.395Z",
        "foo": "bar",
        "objectId": "hlcIa33yuy",
        "updatedAt": "2015-02-16T01:22:32.395Z"
    },
	{
        "createdAt": "2015-02-16T01:22:36.456Z",
        "foo": "bar",
        "objectId": "kj6SNaQDCl",
        "updatedAt": "2015-02-16T01:22:36.456Z"
    },
	{
        "createdAt": "2015-02-16T13:11:15.537Z",
        "foo": "bar",
        "objectId": "IctwyzxnUa",
        "updatedAt": "2015-02-16T13:11:15.537Z"
    },
	{
        "createdAt": "2015-02-16T13:11:39.994Z",
        "foo": "bar",
        "objectId": "I9OLK9kNnY",
        "updatedAt": "2015-02-16T13:11:39.994Z"
    },
	{
        "createdAt": "2015-02-16T13:11:47.606Z",
        "foo": "bar",
        "objectId": "UOXpqHSbkR",
        "updatedAt": "2015-02-16T13:11:47.606Z"
    },
	{
        "createdAt": "2015-02-16T13:12:29.336Z",
        "foo": "bar",
        "objectId": "vYMFBkk9k9",
        "updatedAt": "2015-02-16T13:12:29.336Z"
    },
	{
        "createdAt": "2015-02-16T13:12:40.251Z",
        "foo": "bar",
        "objectId": "VyT0XQ8N8F",
        "updatedAt": "2015-02-16T13:12:40.251Z"
    },
	{
        "createdAt": "2015-02-16T13:12:43.895Z",
        "foo": "bar",
        "objectId": "fbuBFYsZ7B",
        "updatedAt": "2015-02-16T13:12:43.895Z"
    },
	{
        "createdAt": "2015-02-16T13:12:59.665Z",
        "foo": "bar",
        "objectId": "xM2zgPRRhL",
        "updatedAt": "2015-02-16T13:12:59.665Z"
    },
	{
        "createdAt": "2015-02-16T13:13:01.950Z",
        "foo": "bar",
        "objectId": "OcUnnexZxr",
        "updatedAt": "2015-02-16T13:13:01.950Z"
    }
] }